tour_sleep,tour_sleep_theme,tour_sleep_tag,tour_sleep_score,like,zzim,review
나미송 머무는 곳,제주시 > 애월,#정원 #주방기구 #자연경관,5,26,32,175
해비치호텔앤드리조트,서귀포시 > 표선,#숙소 #리조트 #가족호텔 #공공와이파이존 #양식레스토랑 #수영장 #주차장 #어린이 #관광호텔 #럭셔리트래블인제주 #무장애관광,5,16,91,45
신라호텔제주,서귀포시 > 중문,#신라 #중문관광단지 #5성급호텔 #숙소 #게스트하우스 #호텔 #공공와이파이존 #양식레스토랑 #수영장 #주차장 #발렛파킹 #관광호텔 #럭셔리트래블인제주 #무장애관광,5,7,72,43
롯데호텔 제주,서귀포시 > 중문,#리조트 #숙소 #가족호텔 #수영장 #양식레스토랑 #자연경관 #공공와이파이존 #조식 #비즈니스센터 #주차장 #관광호텔 #럭셔리트래블인제주 #무장애관광,5,9,54,38
휴양팬션 스위스마을 Swiss Village Pension,제주시 > 조천,#마을관광 #올레길 #펜션,5,14,59,29
비젠빌리지,제주시 > 구좌,#휴양펜션 #수영장 #체험 #해수욕장 #수상레저 #가족 #독채 #단체여행객 #바비큐,5,2,14,20
휘닉스 아일랜드 제주,서귀포시 > 성산,#성산 #4성급호텔 #수영장 #휴양콘도 #주차장 #공공와이파이존 #어린이놀이방 #교통 #양식레스토랑 #조식 포함 #주방기구 #가족 #무장애관광 #반려동물동반_숙소,5,3,73,20
제주도푸른산푸른바다,제주시 > 구좌,#고향민박 #주방기구,5,0,7,19
히든클리프 호텔 앤 네이쳐,서귀포시 > 서귀포시내,#호텔 #공공와이파이존 #수영장 #주차장 #관광호텔 #럭셔리트래블인제주,4,1,41,19
대명리조트 제주,제주시 > 조천,#주차장 #대명리조트 #부대시설 #조식,5,9,70,16
서귀포KAL호텔,서귀포시 > 서귀포시내,#주차장 #정원 #해변 #자연경관 #양식레스토랑 #연회장 #부대시설 #비즈니스센터 #산책로 #바비큐 #축제 #관광호텔 #무장애관광,5,4,26,13
캠핑트리펜션,제주시 > 애월,#캠핑 #언택트 #글램핑 #캠핑장 #야영장 #독채 #민박 #수영장 #노래방 #바비큐,5,13,16,13
씨에스호텔앤리조트,서귀포시 > 중문,#리조트 #자연경관 #해변 #공공와이파이존 #양식레스토랑 #주차장 #정원 #안전여행스탬프 #럭셔리트래블인제주,5,2,34,12
객의하우스,제주시 > 한림,#주차장 #공공와이파이존 #온돌방,4,1,17,10
금호리조트제주,서귀포시 > 남원,#주차장 #자연경관 #온돌방 #무장애관광,5,4,54,10
수상한소금밭게스트하우스,제주시 > 구좌,#공공와이파이존 #조식 #힐링쉼터,5,2,16,10
달달하우스,제주시 > 한림,#독채 #공공와이파이존 #해수욕장 #수상레저 #가족,5,2,4,9
신라스테이 제주,제주시 > 제주시내,#공공와이파이존 #주차장 #양식레스토랑 #패키지관광 #관광호텔 #무장애관광,5,3,39,8
틸다하우스,제주시 > 한경,#조식 #해수욕장 #공공와이파이존 #무장애관광,5,13,19,8
inn jeju 인제주 게스트하우스,제주시 > 한림,#공공와이파이존 #카페 #주차장 #해수욕장 #수상레저 #계곡 #수영장 #고향민박 #정원 #조식 #독채 #펜션 #가족,5,0,15,7
라마다프라자 제주호텔,제주시 > 제주시내,#게스트하우스 #공공와이파이존 #주차장 #자연경관 #해변 #수영장 #관광호텔 #럭셔리트래블인제주 #무장애관광,5,5,39,7
르페도라,서귀포시 > 남원,#스파 #수영장 #공공와이파이존 #가족 #정원 #자연경관 #무장애관광,5,0,8,7
메종글래드 제주,제주시 > 제주시내,#양식레스토랑 #수영장 #주차장 #럭셔리트래블인제주 #무장애관광,5,6,36,7
제주가좋아서 펜션,제주시 > 구좌,#펜션 #바비큐 #공공와이파이존 #수영장 #안전인증민박,5,18,37,7
롯데시티호텔제주,제주시 > 제주시내,#4성급호텔 #공공와이파이존 #교통 #양식레스토랑 #수영장 #주차장 #관광호텔 #무장애관광,4,0,23,6
제주부영호텔엔리조트,서귀포시 > 중문,#리조트 #5성급호텔 #수영장 #자연경관 #해변 #카페 #식당 #관광호텔 #럭셔리트래블인제주 #무장애관광,5,1,24,6
빠담빠담게스트하우스,서귀포시 > 성산,#서귀포 #자연경관 #바비큐 #음식 #음식축제 #주차장,5,1,2,5
오션스위츠호텔 제주,제주시 > 제주시내,#자연경관 #해변 #공공와이파이존 #양식레스토랑 #주차장 #환전 #무장애관광,5,2,31,5
우도사랑,섬 속의 섬 > 우도,#가족 #바비큐 #공공와이파이존 #교통 #해변 #정원,5,0,4,5
제주해나루,서귀포시 > 서귀포시내,#주차장 #공공와이파이존 #올레 #안전인증민박,5,12,16,5
켄싱턴리조트 제주 한림점,제주시 > 한림,#휴양콘도 #주차장 #박물관 #자연경관 #온돌방 #가족 #조식 #무장애관광,4,0,20,5
파르나스 호텔 제주,서귀포시 > 중문,#공공와이파이존 #피트니스 #스파 #럭셔리트래블인제주 #숙소 #무장애관광,5,10,15,5
활엽수 게스트하우스,서귀포시 > 대정,#주차장 #고향민박 #온돌방 #자전거대여점 #서귀포 #조식,5,0,5,5
WE호텔 제주,서귀포시 > 서귀포시내,#수영장 #공공와이파이존 #양식레스토랑 #주차장 #관광호텔 #럭셔리트래블인제주 #무장애관광,5,3,8,4
꽃하루방게스트하우스,서귀포시 > 성산,#숙소 #서귀포 #독채 #단체여행객 #가족 #공공와이파이존 #조식 포함 #해수욕장 #수상레저 #갯벌체험학습장 #자연경관 #주차장 #교통 #농어촌민박,3,2,5,4
랜딩관 제주신화월드 호텔앤리조트,서귀포시 > 안덕,#리조트 #공공와이파이존 #양식레스토랑 #주차장 #발렛파킹 #관광호텔 #제주신화월드 #럭셔리트래블인제주 #무장애관광,5,6,41,4
롯데리조트제주 아트빌라스,서귀포시 > 중문,#공공와이파이존 #수영장 #주차장 #독채,5,0,8,4
마레보 리조트,제주시 > 애월,#수영장 #휴양콘도 #해안도로 #조식 #바비큐 #가족 #가족호텔,5,3,31,4
메종드오조락,서귀포시 > 성산,#공공와이파이존 #자연경관 #카페 #주차장 #조식,5,0,17,4
범섬풍경,서귀포시 > 서귀포시내,#조식 #카페 #휴양펜션 #주방기구,5,0,5,4
아름다운리조트,서귀포시 > 성산,#주차장 #공공와이파이존 #무장애여행 #편의시설 #가족호텔 #무장애관광,4,1,22,4
아이비테라스,서귀포시 > 서귀포시내,#해수욕장 #공공와이파이존,5,6,11,4
야호비치하우스,제주시 > 조천,#휴양펜션 #해변 #공공와이파이존 #해수욕장 #수상레저 #자연경관 #올레길 #체험,4,0,21,4
오션스퀘어,서귀포시 > 성산,#자연경관 #공공와이파이존 #바비큐,5,7,18,4
오크하우스,제주시 > 애월,#음식,5,1,2,4
제주리조트,제주시 > 애월,#휴양콘도 #힐링쉼터 #단체여행객 #주차장 #공공와이파이존 #무장애여행 #편의시설 #무장애관광,5,3,7,4
제주아이브리조트,서귀포시 > 서귀포시내,#호텔 #주차장 #펜션 #휴양펜션 #바비큐 #식당 #매점 #무장애관광,5,0,7,4
푸른바다펜션,서귀포시 > 서귀포시내,#독채 #온돌방 #주방기구 #자연경관 #가족 #농어촌민박,4,0,5,4
하워드존슨 제주 연동 호텔,제주시 > 제주시내,#양식레스토랑 #주차장 #비즈니스센터,4,0,4,4
꿈꾸는섬 게스트하우스,제주시 > 조천,#민박 #카페 #주방기구 #올레길,5,0,2,3
더본 호텔,서귀포시 > 중문,#공공와이파이존 #양식레스토랑 #조식 #힐링 #관광호텔,5,3,34,3
더포그레이스호텔앤리조트,서귀포시 > 성산,#서귀포 #수영장 #휴양콘도 #카페 #온돌방 #바비큐 #어린이 #조식 #가족호텔 #무장애관광,4,2,30,3
베니키아 아이진호텔,제주시 > 제주시내,#양식레스토랑 #주차장 #무장애여행 #편의시설 #관광호텔 #무장애관광,5,3,5,3
베스트웨스턴제주호텔,제주시 > 제주시내,#양식레스토랑 #주차장 #환전 #비즈니스센터 #4성급호텔 #가족호텔,5,5,27,3
블루하와이리조트,제주시 > 한림,#휴양콘도 #주차장 #자연경관 #해변 #조식 포함 #수영장 #가족호텔 #무장애관광,4,2,10,3
소풍(월정리),제주시 > 구좌,#숙소 #해수욕장 #자연경관 #조식 포함,5,4,12,3
예이츠산장,서귀포시 > 남원,#바비큐 #공공와이파이존 #수영장 #노래방 #반려동물 #반려동물동반입장 #혼저옵서개 #반려동물동반_숙소,4,0,4,3
유월그리고열두마루,제주시 > 구좌,#돌집 #조식 #농어촌민박 #발렛파킹 #공공와이파이존,3,0,1,3
이디하우스n카페,제주시 > 구좌,#주차장 #공공와이파이존 #자연경관 #독채 #조식 #카페,4,0,10,3
제주인호텔,제주시 > 제주시내,#주차장 #엘리베이터 #관광호텔,5,0,2,3
제주하이킹 INN(구덕게스트하우스),서귀포시 > 서귀포시내,#자연경관 #주방기구 #주차장,5,1,3,3
키코앤일레인호텔,서귀포시 > 서귀포시내,#공공와이파이존 #엘리베이터 #가족호텔 #중문관광단지 #안전여행스탬프,4,0,7,3
펄리플러스,제주시 > 제주시내,#공항 #단체여행객 #주차장 #공공와이파이존 #무장애여행 #편의시설,5,1,4,3
포도호텔,서귀포시 > 안덕,#공공와이파이존 #비즈니스센터 #정원 #노천온천 #스파 #포토스팟 #제주명품42 #제주7대건축물 #안전여행스탬프 #무장애관광,4,1,13,3
플레이스 캠프 제주,서귀포시 > 성산,#자연경관 #공공와이파이존 #양식레스토랑 #주차장 #힐링 #언택트 #관광호텔,5,3,17,3
하도리일번지,제주시 > 구좌,#해변 #수영장 #바비큐 #공공와이파이존 #풀빌라 #독채 #단체여행객 #해수욕장,5,0,3,3
한화리조트 제주,제주시 > 제주시내,#주차장 #공공와이파이존 #양식레스토랑 #반려동물 #반려동물동반입장 #혼저옵서개 #반려동물동반_숙소,5,13,52,3
게으른소나기,제주시 > 구좌,#돌집 #조식 포함 #해수욕장 #해변 #한옥 #농어촌민박 #돌담풍경마을,5,0,8,2
구름밭하우스,제주시 > 구좌,#자연경관 #해변 #독채 #가족 #공공와이파이존,3,3,10,2
내도바당펜션,제주시 > 제주시내,#민박 #고향민박 #주차장,4,0,6,2
넙빌레하우스,서귀포시 > 남원,#휴양펜션 #독채 #가족 #조식 포함 #공공와이파이존 #체험 #계곡 #수상레저 #해수욕장 #수영장 #단체여행객 #농어촌민박,3,0,1,2
노낭게스트하우스,서귀포시 > 성산,#조식 포함 #해수욕장 #단체여행객 #체험 #바비큐 #수상레저 #독채 #가족,5,0,3,2
단추스테이 단추숲,제주시 > 한경,#독채 #조식 #조식 포함 #해수욕장 #해변 #교통,3,0,4,2
더클라우드호텔,서귀포시 > 성산,#수영장 #자연경관 #스파 #힐링,5,0,13,2
돈내코힐 리조트,서귀포시 > 서귀포시내,#휴양콘도 #주차장 #공공와이파이존 #스파,5,0,10,2
동박생이,제주시 > 구좌,#독채 #공공와이파이존 #해수욕장 #수상레저 #한옥 #가족,5,1,4,2
두베하우스,제주시 > 구좌,#독채 #교통 #조식 포함 #공공와이파이존 #해수욕장 #돌담길 #주차장,4,1,1,2
뒹글하우스,제주시 > 구좌,#숙소 #해수욕장 #수상레저 #공공와이파이존 #음식축제 #음식,4,1,4,2
드헤브펜션,제주시 > 구좌,#펜션 #바비큐 #공공와이파이존 #온돌방 #해수욕장 #수상레저 #자연경관,3,0,4,2
라마다 제주 함덕 호텔,제주시 > 조천,#공공와이파이존 #양식레스토랑 #주차장 #가족호텔 #안전여행스탬프 #무장애관광,5,0,16,2
라마다 제주시티호텔,제주시 > 제주시내,#주차장 #비즈니스센터 #안전여행스탬프,4,4,11,2
라포즈,서귀포시 > 서귀포시내,#공공와이파이존 #주방기구 #카페 #체험 #자연경관 #무장애관광 #농어촌민박,5,3,8,2
레드우드하우스,제주시 > 구좌,#조식 #공공와이파이존 #해변,5,0,0,2
루시드봉봉,서귀포시 > 대정,#민박 #카페 #조식 #체험 #주차장 #물품보관서비스 #공공와이파이존 #돌담길 #농어촌민박,5,0,4,2
몽돌바당,제주시 > 제주시내,#휴양펜션 #고향민박 #주차장 #공공와이파이존 #자연경관 #해변,5,1,6,2
미도호스텔,서귀포시 > 서귀포시내,#조식 포함 #가족 #공공와이파이존 #호스텔/소형호텔 #무장애관광,4,0,9,2
백패커스홈,서귀포시 > 서귀포시내,#단체여행객 #조식 포함 #공공와이파이존 #체험 #민박,4,2,8,2
밸류호텔 서귀포(VALUE HOTEL Seogwipo JS),서귀포시 > 서귀포시내,#단체여행객 #주차장 #발렛파킹 #공공와이파이존 #무장애여행 #편의시설 #수영장 #비즈니스센터,3,1,9,2
베니키아호텔제주,제주시 > 애월,#주차장 #양식레스토랑 #오션뷰호텔 #자연경관 #해변 #관광호텔 #무장애관광,1,0,6,2
봉쟈 게스트하우스,제주시 > 제주시내,#조식 포함 #공항 #공공와이파이존 #돌담길,4,0,8,2
비안,제주시 > 제주시내,#독채 #조식 포함 #주차장 #공공와이파이존,4,2,6,2
뽀요요펜션,섬 속의 섬 > 우도,#우도 #바비큐 #해수욕장 #해변 #자연경관 #온돌방,5,0,3,2
서머셋 제주신화월드 호텔앤리조트,서귀포시 > 안덕,#조식 #수영장 #힐링 #제주신화월드 서머셋 리조트 #4성급호텔 #제주신화월드 #럭셔리트래블인제주 #무장애관광 # 반려동물동반입장 # 반려동물동반_숙소 #펫동반호텔,5,2,30,2
소노캄제주,서귀포시 > 표선,#숙소,4,3,52,2
소소게스트하우스,제주시 > 애월,#가족 #정원 #어린이동물농장 #승마체험 #주방기구,3,1,5,2
스위트호텔 제주,서귀포시 > 중문,#게스트하우스 #공공와이파이존 #양식레스토랑 #수영장 #주차장 #관광호텔 #럭셔리트래블인제주 #무장애관광,5,0,7,2
슴게스트하우스 제주공항점,제주시 > 제주시내,#조식 포함 #공공와이파이존 #단체여행객 #부대시설,5,2,8,2
야스라기펜션,제주시 > 애월,#펜션 #주차장 #공항 #해변 #자연경관,5,0,2,2
엠스테이호텔,서귀포시 > 서귀포시내,#공공와이파이존 #수영장 #양식레스토랑 #주차장 #엘리베이터 #패키지관광 #온돌방 #오션뷰호텔,3,2,11,2
연이네다락방 게스트하우스,제주시 > 구좌,#민박 #자연경관 #조식 #주방기구,4,0,11,2
와이리조트 제주,서귀포시 > 안덕,#단체여행객 #주차장 #공공와이파이존 #어린이놀이방 #일반숙박 #가족호텔 #무장애관광,5,1,8,2
이런날엔,제주시 > 구좌,#해안도로 #자연경관 #해변 #주방기구,4,0,4,2
제주 에코 스위츠 펜션,서귀포시 > 서귀포시내,#휴양펜션 #펜션 #조식 #바비큐 #반려동물보호소 #스파 #공공와이파이존 #해수욕장 #독채 #계곡 #수상레저 #레저/체험 #반려동물동반입장 #반려동물 #반려동물동반_숙소 #착한가격업소,5,1,9,2
제주락,서귀포시 > 서귀포시내,#자연경관 #해변 #조식 #돌담길,5,0,3,2
제주바다펜션,제주시 > 구좌,#펜션 #공공와이파이존 #해수욕장 #가족 #단체여행객 #바비큐 #풀빌라 #해변,5,0,1,2
제주샘모루펜션,서귀포시 > 서귀포시내,#펜션 #바비큐 #해수욕장 #한옥 #가족 #단체여행객 #체험 #농어촌민박,3,0,2,2
제주에살다,서귀포시 > 서귀포시내,#민박 #음식축제 #바비큐 #음식 #올레길 #힐링쉼터 #단체여행객,4,0,5,2
제주카사블랑카펜션,서귀포시 > 서귀포시내,#민박 #단체여행객 #독채 #바비큐 #노래방 #공공와이파이존 #체험 #수영장 #자연학습장,5,5,4,2
제주해안휴양펜션(제주해안펜션),서귀포시 > 안덕,#자연경관 #바비큐 #숙소,5,1,3,2
초,서귀포시 > 성산,#고향민박 #주차장 #공공와이파이존 #독채 #돌집,4,0,4,2
코시롱게스트하우스,서귀포시 > 성산,#공공와이파이존 #조식 포함 #단체여행객 #해수욕장 #수상레저 #바비큐,3,0,2,2
코즈게스트하우스,서귀포시 > 안덕,#온돌방 #공공와이파이존 #조식 #교통 #안전인증민박 #무장애관광,5,3,7,2
포구민박,제주시 > 애월,#해안도로 #마을산책 #온돌방 #독채 #일몰명소,5,5,8,2
표선이레하우스,서귀포시 > 표선,#펜션 #휴양펜션 #카페 #조식 #해수욕장 #자연경관,4,1,2,2
하바나블루스,제주시 > 한경,#바비큐 #조식 #정원 #자연경관,5,2,5,2
하이디펜션,서귀포시 > 안덕,#펜션 #온돌방 #단체여행객 #조식 #체험 #바비큐 #공공와이파이존 #해수욕장 #수상레저 #안전인증민박,0,1,3,2
협재해오름펜션,제주시 > 한림,#펜션 #바비큐 #해수욕장 #자연경관 #안전인증민박,5,1,3,2
호텔 리젠트마린,제주시 > 제주시내,#수영장 #공공와이파이존 #양식레스토랑 #자연경관 #주차장,5,1,26,2
호텔 스카이파크 제주1호점,제주시 > 제주시내,#관광호텔 #한라산 #제주여행추천숙소,5,0,3,2
호텔 펠리시아,서귀포시 > 서귀포시내,#주차장 #매점 #무장애여행 #편의시설 #가족호텔 #컨시어지 서비스 #물품보관서비스,5,0,0,2
호텔레오,제주시 > 제주시내,#일반숙박 #양식레스토랑 #공공와이파이존 #주차장 #비즈니스센터 #조식 #발렛파킹 #관광호텔 #안전여행스탬프 #무장애관광,5,3,15,2
메리어트관 제주신화월드 호텔앤리조트,서귀포시 > 안덕,#리조트 #공공와이파이존 #수영장 #주차장 #발렛파킹 #관광호텔 #제주신화월드 #럭셔리트래블인제주,5,1,19,1
에코랜드호텔,제주시 > 조천,#무선 #인터넷 #수영장 # 5성급 # 특1급 # 키즈플레이룸 #골프,5,0,0,1
JAY&CHLOE,서귀포시 > 대정,#휴양펜션 #스파 #바비큐 #공공와이파이존 #조식 포함 #해변 #자연경관,5,0,10,1
JK라마다앙코르 제주연동호텔,제주시 > 제주시내,#교통 #비즈니스센터 #카페 #조식 #연회장,5,2,2,1
Oh! 세화! (오세화게스트하우스),제주시 > 구좌,#봄 #가을 #여름 #일출 #일몰 #밤 #올레 #오름 #해변 #4.3 #실내 #사계절 #숙소 #게스트하우스 #독채 #조식 #안전인증민박,5,0,8,1
UncleBORO게스트하우스,제주시 > 한경,#농어촌민박 #올레 #산책로,3,0,3,1
가까이에파도소리,제주시 > 제주시내,#공항 #자연경관 #해변 #공공와이파이존,5,1,3,1
갤럭시호텔 제주,제주시 > 제주시내,#수영장 #엘리베이터 #공항 #관광호텔 #무장애관광,4,1,0,1
건축학개론펜션,서귀포시 > 성산,#펜션 #독채 #단체여행객 #바비큐 #온돌방 #가족 #어린이 #공공와이파이존 #체험 #해수욕장,3,1,1,1
고망난돌민박가든,서귀포시 > 성산,#휴양펜션 #펜션 #공공와이파이존 #교통 #해변 #온돌방,5,0,1,1
골든파크호텔,제주시 > 제주시내,#공항 #공공와이파이존 #가족 #관광호텔 #안전여행스탬프 #무장애관광,4,0,0,1
그랜드 하얏트 제주,제주시 > 제주시내,#휴식/힐링 #쇼핑 #사계절 #숙소 #공공와이파이존 #수영장 #양식레스토랑 #5성급호텔 #호텔 #관광호텔 #럭셔리트래블인제주 #무장애관광,4,3,8,1
그랜드메르호텔,서귀포시 > 서귀포시내,#단체여행객 #주차장 #공공와이파이존 #편의시설 #관광호텔 #무장애관광,4,2,4,1
그린트리인서귀포호텔,서귀포시 > 서귀포시내,#양식레스토랑 #주차장 #환전 #무장애관광,5,0,2,1
끄라비펜션,서귀포시 > 서귀포시내,#공공와이파이존 #바비큐 #해변 #자연경관,5,2,9,1
나무사이로햇살이,제주시 > 구좌,#고향민박 #독채 #주차장 #공공와이파이존 #편백나무펜션,3,1,3,1
나무처럼 게스트하우스,제주시 > 한림,#조식 포함 #공공와이파이존 #해수욕장 #수상레저 #안전인증민박,5,0,8,1
난드르통나무집,서귀포시 > 안덕,#휴양펜션 #통나무집민박 #주차장 #독채 #농어촌민박,5,1,3,1
남촌풀하우스,서귀포시 > 표선,#수영장 #어린이 #어린이놀이터 #식당 #가족 #농어촌민박,5,0,1,1
노을과어울림,서귀포시 > 대정,#휴양펜션 #어린이 #어린이놀이방 #가족 #해변 #온돌방 #바비큐 #해수욕장 #공공와이파이존,5,0,3,1
다락마마,제주시 > 구좌,#바비큐 #공공와이파이존 #안전인증민박,5,6,4,1
단빌리지게스트하우스,제주시 > 한경,#가족 #독채 #온돌방 #공공와이파이존 #단체여행객,5,1,4,1
단추스테이,제주시 > 한림,#조식 포함 #해수욕장 #교통,5,0,3,1
더들집,제주시 > 구좌,#온돌방 #독채 #주방기구 #자연경관,5,0,4,1
더베이 제주 리조트,서귀포시 > 서귀포시내,#휴양펜션 #펜션 #자연경관 #수영장 #바비큐 #공공와이파이존 #독채 #단체여행객 #가족 #온돌방 #해변 #수상레저,3,1,2,1
도시락게스트하우스,서귀포시 > 성산,#조식 포함 #바비큐 #교통 #갯벌체험학습장,5,0,0,1
동원호텔,서귀포시 > 서귀포시내,#서귀포 #가족 #휴양콘도 #수상레저 #낚시 #주차장 #공공와이파이존 #부대시설,5,0,0,1
디아넥스 호텔,서귀포시 > 안덕,#가족호텔 #주차장 #수영장 #양식레스토랑 #휴양콘도 #노천온천 #안전여행스탬프,3,0,11,1
디오션힐,서귀포시 > 안덕,#주차장 #자연경관 #해변 #공공와이파이존 #바비큐 #스파 #해수욕장,5,0,3,1
또랑게스트하우스,제주시 > 제주시내,#공공와이파이존 #조식 포함 #단체여행객,5,1,2,1
뚜르드제주게스트하우스,제주시 > 구좌,#공공와이파이존 #조식 포함 #휴양펜션 #가족 #도보여행 #물품보관서비스 #안전인증민박,5,0,3,1
라림부띠끄호텔,서귀포시 > 안덕,#공공와이파이존 #주차장 #커피 #차 #오션뷰호텔,3,0,4,1
라온호텔앤리조트,제주시 > 한림,#수영장 #공공와이파이존 #주차장 #골프 #승마체험 #어린이놀이터 #부대시설 #교통 #가족호텔 #단체여행객 #주방기구 #정원 #비즈니스센터 #관광호텔 #무장애관광,5,0,8,1
레프트핸더 게스트하우스,제주시 > 구좌,#민박 #반려동물보호소 #해수욕장 #공공와이파이존 #조식 포함 #반려동물동반입장 #반려동물 #반려동물동반_숙소,5,0,1,1
로뎀펜션,섬 속의 섬 > 우도,#자연경관 #해변 #독채 #단체여행객 #가족 #바비큐 #공공와이파이존 #해수욕장,5,0,1,1
루미수다게스트하우스,제주시 > 제주시내,#조식 #공항 #민박,5,0,3,1
리치망고펜션,섬 속의 섬 > 우도,#우도 #자연경관 #민박 #해수욕장 #카페,5,0,2,1
마니주팬션,제주시 > 제주시내,#자연경관 #바비큐 #공공와이파이존 #해수욕장 #해안도로 #해변 #가족,4,0,2,1
몽마르뜨펜션,제주시 > 애월,#해변 #산책로 #해안도로 #바비큐 #무장애관광,5,0,2,1
물고기나무게스트하우스,서귀포시 > 성산,#체험 #바비큐 #공공와이파이존 #단체여행객 #해수욕장 #해변 #수상레저 #농어촌민박,5,0,1,1
미라클게스트하우스,제주시 > 제주시내,#자연경관 #바비큐 #조식 포함 #자전거대여점 #매점,3,0,2,1
미소게스트하우스,제주시 > 제주시내,#공항 #노래방 #공공와이파이존 #단체여행객 #제주동문시장 #농어촌민박,5,1,5,1
발리인제주,제주시 > 구좌,#스파 #독채 #해수욕장 #해변 #공공와이파이존 #수상레저 #갯벌체험학습장,5,1,6,1
밭담사이,제주시 > 구좌,#숙소 #힐링 #편백나무펜션 #고향민박,4,3,4,1
베이힐 풀앤빌라,서귀포시 > 서귀포시내,#주차장 #공공와이파이존 #무장애여행 #편의시설 #풀빌라 #럭셔리트래블인제주 #무장애관광,5,1,8,1
보리게스트하우스,제주시 > 구좌,#공공와이파이존 #조식 포함 #독채 #체험 #무장애관광,5,0,4,1
봄 그리고 가을리조트,서귀포시 > 성산,#휴양콘도 #주차장 #공공와이파이존 #어린이놀이방 #무장애여행 #편의시설 #자연경관 #해안도로 #가족호텔 #무장애관광,3,2,25,1
북마크하우스&카페,서귀포시 > 대정,#조식 #공공와이파이존 #민박 #농어촌민박,5,0,1,1
북촌플레이스,제주시 > 조천,#휴양펜션 #바비큐 #힐링쉼터,5,0,2,1
브라운 스위트 제주 호텔 & 리조트,서귀포시 > 성산,#공공와이파이존 #주차장 #자연경관 #비즈니스센터 #무장애관광,1,0,10,1
브릭216,서귀포시 > 서귀포시내,#휴양펜션 #자연경관 #온돌방 #공공와이파이존 #오션뷰호텔 #서귀포,3,0,1,1
블란디야,서귀포시 > 서귀포시내,#올레길 #수상레저 #바비큐 #반려동물보호소 #교통 #반려동물동반입장 #반려동물 #반려동물동반_숙소,3,0,2,1
블랙스톤리조트,제주시 > 한림,#휴양콘도 #호텔 #주차장 #조식 #산책로 #관광호텔 #무장애관광,5,0,3,1
비비엔다,제주시 > 구좌,#단체여행객 #카페 #조식 #민박 #고향민박,3,0,2,1
빌림,제주시 > 제주시내,#주차장 #공공와이파이존 #휴양펜션 #주방기구 #공항,5,2,11,1
산토리니 펜션,제주시 > 애월,#자연경관 #바비큐 #주차장 #힐링쉼터,5,0,1,1
샤모니리조트,서귀포시 > 서귀포시내,#휴양콘도 #단체여행객 #주차장 #공공와이파이존 #매점 #가족,5,0,1,1
서귀포통나무집,서귀포시 > 서귀포시내,#휴양펜션 #바비큐 #독채 #단체여행객 #가족 #공공와이파이존 #체험 #수상레저 #온돌방 #교통,5,1,4,1
선샤인호텔,제주시 > 조천,#자연경관 #조식 #서귀포 #관광호텔 #무장애관광,5,0,4,1
섬타임즈,제주시 > 제주시내,#휴양펜션 #바비큐 #조식 포함 #가족 #해변 #안전인증민박,3,0,5,1
성산풀하우스,서귀포시 > 성산,#독채 #바비큐 #반려동물보호소 #공공와이파이존 #단체여행객 #해수욕장 #온돌방 #반려동물동반입장 #반려동물 #무장애관광 #반려동물동반_숙소,5,2,3,1
소낭게스트하우스,제주시 > 구좌,#체험 #해수욕장 #수상레저 #음식축제 #기념사진촬영,5,0,4,1
소라담하우스,제주시 > 조천,#공공와이파이존 #휴양펜션 #펜션 #자연경관 #바비큐 #독채 #온돌방 #해수욕장 #수상레저,5,1,0,1
소랑풀빌라,제주시 > 조천,#풀빌라 #공공와이파이존 #수영장 #주차장 #양식레스토랑 #정원,3,0,2,1
소랑호젠,서귀포시 > 남원,#공공와이파이존 #해변 #가족 #독채 #온돌방,5,0,2,1
소섬바당,섬 속의 섬 > 우도,#농어촌민박 #조식 포함 #교통 #공공와이파이존 #온돌방 #가족 #해수욕장,5,2,4,1
솔바람풍경소리펜션,서귀포시 > 남원,#정원 #주차장 #바비큐 #물품보관서비스 #민박,5,1,1,1
수앤수가족호텔,제주시 > 애월,#공공와이파이존 #양식레스토랑 #수영장 #장애인 주차 #주차장 #가족호텔 #리조트,5,0,6,1
쉴만한 물가,제주시 > 한림,#힐링 #휴양펜션 #펜션 #주차장 #독채 #단체여행객 #주방기구,3,0,0,1
스카이워커,제주시 > 제주시내,#제주동문시장 #공공와이파이존,4,0,0,1
슬로우리제주 민박,제주시 > 애월,#주차장 #공공와이파이존 #마을관광 #올레,5,0,2,1
신화관 제주신화월드 호텔 앤 리조트,서귀포시 > 안덕,#리조트 #공공와이파이존 #수영장 #주차장 #관광호텔 #안전여행스탬프 #제주신화월드 #럭셔리트래블인제주 #무장애관광,5,1,16,1
씨앤관광호텔,제주시 > 제주시내,#수상레저 #자연경관 #해변 #관광호텔 #무장애관광,5,2,2,1
씨엘블루호텔,제주시 > 제주시내,#주차장 #비즈니스센터 #엘리베이터 #공항 #무장애관광,5,0,6,1
씨오르리조트,서귀포시 > 서귀포시내,#아이 #사계절 #숙소 #리조트 #오션뷰호텔 #주차장 #힐링 #무장애관광,4,0,2,1
아올키즈펜션,서귀포시 > 안덕,#펜션 #독채 #풀빌라 #어린이놀이방 #수영장 #온돌방 #바비큐 #공공와이파이존 #해수욕장,3,0,2,1
아프리카게스트하우스,제주시 > 조천,#온돌방 #공공와이파이존 #고향민박,3,0,2,1
알랑가게스트하우스,서귀포시 > 안덕,#자연경관 #힐링쉼터 #힐링,4,1,1,1
애월포구풍경,제주시 > 애월,#바비큐 #낚시 #해안도로 #산책로,5,0,1,1
야크마을,서귀포시 > 서귀포시내,#수영장 #체험 #레저/체험 #음식 #식당 #한식 #카페 #가족호텔 #반려동물 #반려동물동반입장 #혼저옵서개 #반려동물동반_숙소,5,2,2,1
언덕위에 빨간지붕,서귀포시 > 성산,#체험 #휴양펜션 #펜션 #안전인증민박,5,1,7,1
엠버퓨어힐호텔&리조트,제주시 > 제주시내,#반려동물동반_숙소,5,0,0,1
여울목게스트하우스(월정리),제주시 > 구좌,#민박 #돌담풍경마을 #농어촌민박 #해변 #해안도로 #돌집 #한옥 #독채 #단체여행객 #바비큐,3,0,2,1
예촌민박,서귀포시 > 남원,#고향민박 #자연경관 #자연학습장 #힐링 #반려동물동반_숙소 #반려동물동반입장 #반려동물,5,0,2,1
오름게스트하우스,제주시 > 구좌,#세화 #조식 포함 #공공와이파이존 #교통 #바비큐 #온돌방 #단체여행객 #해수욕장 #독채 #체험 #안전인증민박,5,0,2,1
올레리조트,제주시 > 애월,#호텔 #가족호텔 #안전여행스탬프,5,0,1,1
외돌개나라,서귀포시 > 서귀포시내,#주차장 #공공와이파이존 #바비큐 #게스트하우스,5,1,1,1
용두암빌리지,제주시 > 제주시내,#휴양펜션 #교통 #물품보관서비스 #공공와이파이존 #해수욕장 #온돌방 #가족,5,0,1,1
우도피아,섬 속의 섬 > 우도,#휴양펜션 #독채 #바비큐 #단체여행객 #가족 #공공와이파이존,5,3,7,1
우리희망이 게스트하우스,제주시 > 조천,#해수욕장 #온돌방 #단체여행객 #공공와이파이존 #안전인증민박,5,6,7,1
위더스펜션,제주시 > 애월,#돌담길 #단체여행객 #바비큐 #온돌방 #가족 #수영장 #공공와이파이존 #해수욕장 #해변,5,0,2,1
위미모루왓,서귀포시 > 남원,#공공와이파이존 #힐링쉼터 #농어촌민박 #안전인증민박,5,2,3,1
유앤아이게스트하우스,제주시 > 제주시내,#조식 #교통,2,0,0,1
제니빌펜션,서귀포시 > 남원,#펜션 #바비큐 #가족 #해변 #공공와이파이존 #해안도로 #올레,3,0,3,1
제이드림호텔(jdream hotel),제주시 > 제주시내,#주차장 #힐링쉼터 #온돌방 #부대시설 #양식레스토랑 #관광호텔,5,2,2,1
제주 오션팰리스 호텔,서귀포시 > 서귀포시내,#양식레스토랑 #카페 #식당 #자연경관 #해변 #가족호텔 #무장애관광,3,0,11,1
제주 제이제이 게스트하우스,서귀포시 > 중문,#조식 #주차장 #물품보관서비스,5,0,4,1
제주도 레인보우,제주시 > 구좌,#휴식 #구좌 #펜션 #휴양펜션 #공공와이파이존 #바비큐 #해수욕장 #온돌방 #가족,5,0,0,1
제주로얄호텔,제주시 > 제주시내,#환전 #호텔 #숙소 #관광호텔,3,0,0,1
제주베스트힐 펜션&글램핑,제주시 > 조천,#휴양펜션 #펜션 #독채 #한옥 #온돌방 #바비큐 #수영장 #체험 #공공와이파이존 #언택트,4,2,4,1
제주시드니호텔,제주시 > 애월,#펜션 #단체여행객 #주차장 #발렛파킹 #공공와이파이존 #자연경관 #오션뷰호텔 #착한가격업소,4,0,6,1
제주썬호텔&카지노,제주시 > 제주시내,#5성급호텔 #공공와이파이존 #양식레스토랑 #주차장 #관광호텔 #무장애관광,5,1,4,1
제주애단비,제주시 > 한림,#휴양펜션 #독채 #풀빌라 #수영장 #반려동물보호소 #반려동물동반입장 #반려동물 #반려동물동반_숙소,3,0,3,1
제주엠리조트,서귀포시 > 서귀포시내,#커플 #가족 #단체 #휴식 #숙소 #리조트 #휴양콘도 #주차장 #공공와이파이존 #조식 #온돌방 #자연경관 #무장애관광,5,1,5,1
제주오리엔탈호텔,제주시 > 제주시내,#공공와이파이존 #양식레스토랑 #주차장 #드라이클리닝 #관광호텔 #무장애관광,5,3,6,1
제주이야기펜션,제주시 > 애월,#민박 #조식 #제주동문시장 #공공와이파이존 #물품보관서비스 #주방기구,3,0,1,1
중문그린힐통나무펜션,서귀포시 > 서귀포시내,#휴양펜션 #독채 #공공와이파이존 #해수욕장 #가족 #수상레저,5,3,8,1
중문스테이,서귀포시 > 서귀포시내,#공공와이파이존 #조식 포함 #비즈니스센터 #물품보관서비스 #부대시설,3,0,2,1
지니코티지,제주시 > 한경,#펜션 #게스트하우스 #조식 포함 #정원 #돌담풍경마을 #고향민박,3,0,1,1
쫄깃센터,제주시 > 한림,#민박 #힐링쉼터 #극장(영화관),5,0,2,1
청춘게스트하우스,서귀포시 > 서귀포시내,#가족 #조식 포함 #공공와이파이존 #해변 #전통시장 #주차장,3,0,0,1
초원게스트하우스,섬 속의 섬 > 우도,#카페 #우도 #조식 포함 #공공와이파이존 #교통 #해수욕장 #단체여행객 #반려동물보호소 #가족 #바비큐 #수상레저 #안전인증민박 #반려동물동반입장 #반려동물 #반려동물동반_숙소,5,0,5,1
캠퍼트리호텔앤리조트,제주시 > 제주시내,#리조트 #공공와이파이존 #주차장 #수영장 #양식레스토랑 #언택트,5,0,9,1
켄싱턴리조트 제주중문,서귀포시 > 중문,#주차장 #공공와이파이존 #안전여행스탬프,5,1,3,1
콴도제주,서귀포시 > 남원,#조식 포함 #공공와이파이존 #해변,5,0,2,1
토스카나호텔,서귀포시 > 서귀포시내,#5성급호텔 #공공와이파이존 #식당 #주차장 #어린이놀이방 #어린이 #가족 #가족호텔 #럭셔리트래블인제주,4,1,17,1
통나무파크,제주시 > 애월,#펜션 #휴양펜션 #정원 #바비큐 #독채 #단체여행객,3,0,1,1
파크 선샤인 제주,서귀포시 > 서귀포시내,#자연경관 #공공와이파이존 #주차장 #무장애여행 #편의시설 #관광호텔 #무장애관광,5,5,13,1
팜핑제주,서귀포시 > 서귀포시내,#언택트 #캠핑 #바비큐 #교통 #공공와이파이존 #부대시설,3,1,1,1
퍼시픽호텔,제주시 > 제주시내,#수영장 #공공와이파이존 #양식레스토랑 #주차장 #환전 #공항 #관광호텔 #무장애관광,4,2,2,1
펜션머물다,서귀포시 > 서귀포시내,#펜션 #수영장 #바비큐 #조식 포함 #교통 #공공와이파이존 #해수욕장 #산책로 #체험 #농어촌민박,5,0,2,1
편운산장,서귀포시 > 성산,#조식 #음식 #포장판매 #바비큐 #식당 #카페,5,0,8,1
풍경호텔(풍경관광호텔),서귀포시 > 서귀포시내,#단체여행객 #주차장 #공공와이파이존 #자연경관 #해변,4,0,2,1
프레리아,제주시 > 애월,#풀빌라 #공공와이파이존 #가족 #수영장 #온돌방,5,0,3,1
하늘고래,제주시 > 한림,#독채 #바비큐 #온돌방 #수영장 #조식 포함 #공공와이파이존 #해수욕장,5,2,5,1
하도리보통날,제주시 > 구좌,#고향민박 #주차장 #공공와이파이존 #돌집 #돌담길 #조식 포함 #마을산책,3,0,3,1
하도하도1929,제주시 > 구좌,#휴양펜션 #한옥 #힐링 #주방기구,5,0,0,1
하랑 게스트하우스,서귀포시 > 대정,#공공와이파이존 #자연경관 #카페,5,0,3,1
하얀산호민박,섬 속의 섬 > 우도,#휴양펜션 #펜션 #바비큐 #해수욕장 #해변 #조식 포함 #공공와이파이존 #교통,5,0,0,1
한옥호텔 한라궁,서귀포시 > 서귀포시내,#호텔 #가족 #오션뷰호텔 #조식 #양식레스토랑 #카페,1,2,3,1
함덕산티아고게스트하우스,제주시 > 조천,#바비큐 #조식 포함 #공공와이파이존 #한옥 #가족 #온돌방 #해수욕장 #단체여행객 #독채,3,0,0,1
해바라기,제주시 > 한림,#펜션 #풀빌라 #스파 #어린이 #바비큐 #수영장 #공공와이파이존 #단체여행객 #가족 #편백나무펜션,5,0,1,1
해바라기 펜션,서귀포시 > 표선,#풀빌라 #스파 #어린이 #가족 #바비큐 #수영장 #해변 #공공와이파이존 #단체여행객,5,0,0,1
해변산책펜션,제주시 > 애월,#펜션 #해수욕장 #공공와이파이존 #가족 #바비큐 #온돌방 #산책로 #주방기구,4,0,2,1
해안길펜션,섬 속의 섬 > 우도,#바비큐 #교통 #해수욕장 #해변 #공공와이파이존 #독채 #우도 #단체여행객 #온돌방 #가족,5,0,0,1
해오름정원,제주시 > 애월,#정원 #노래방 #휴양펜션 #펜션 #주방기구,5,0,0,1
헤리티지,제주시 > 애월,#펜션 #휴양펜션 #공공와이파이존 #편의시설 #무장애관광,5,0,5,1
호스텔린든(Hostel lyndon),제주시 > 제주시내,#조식 #공공와이파이존 #주차장,5,2,5,1
호텔난타,제주시 > 제주시내,#주차장 #양식레스토랑 #조식 #관광호텔,4,1,18,1
휘슬락호텔,제주시 > 제주시내,#공공와이파이존 #수영장 #주차장 #양식레스토랑 #조식 포함,4,2,10,1
흰고래게스트하우스,서귀포시 > 서귀포시내,#공공와이파이존 #가족 #돌담길,5,0,0,1
흰수염고래리조트,제주시 > 애월,#주차장 #공공와이파이존 #편의시설 #휴양콘도 #아동놀이방 #무장애관광,5,1,7,1
1915 지오하우스,서귀포시 > 성산,#고향민박 #게스트하우스 #지질트레일 #체험,0,0,2,0
521 게스트 하우스,제주시 > 애월,#조식 포함 #안전인증민박,0,0,1,0
BK호텔제주,서귀포시 > 서귀포시내,#컨시어지 서비스 #엘리베이터,0,1,5,0
CS빌리지,제주시 > 애월,#해안도로 #단체여행객 #독채 #바비큐 #온돌방 #가족 #수영장 #공공와이파이존 #해수욕장 #수상레저 #해변,0,0,0,0
For 安(포안),제주시 > 한림,#민박 #숙소 #자연경관 #온돌방 #협재해수욕장,0,0,0,0
IGH펜션,제주시 > 한경,#수상레저 #공공와이파이존 #해변 #해수욕장 #무장애관광,0,0,1,0
UTS제주골프빌리지,제주시 > 애월,#주차장 #골프 #가족 #펜션 #바비큐 #조식 #식당 #자연경관 #해변,0,0,1,0
ZeZuZip,서귀포시 > 성산,#주차장 #공공와이파이존 #독채,0,0,2,0
가름게스트하우스,서귀포시 > 서귀포시내,#조식 포함 #공공와이파이존 #해변 #자연경관 #정원 #주차장 #카페 #농어촌민박,0,0,1,0
가비오타 펜션,제주시 > 구좌,#펜션 #해수욕장 #공공와이파이존 #온돌방 #안전인증민박,0,11,12,0
가산토방,서귀포시 > 서귀포시내,#한옥 #전통호텔 #독채 #공공와이파이존 #온돌방 #가족 #단체여행객 #계곡,0,0,2,0
가이아호텔,제주시 > 제주시내,#공공와이파이존 #중문관광단지 #올레길 #카페 #무장애관광,0,4,3,0
가파도민박,섬 속의 섬 > 가파도,#주차장 #식당 #음식 #힐링 #가파도,0,0,0,0
가파도상동펜션,섬 속의 섬 > 가파도,#가파도 #온돌방 #바비큐 #교통 #단체여행객 #공공와이파이존 #해수욕장 #독채 #방갈로숙박촌 #농어촌민박,0,0,0,0
간드락게스트하우스,제주시 > 제주시내,#조식 포함 #단체여행객 #공공와이파이존 #바비큐 #공항 #카페 #주차장 #교통,0,0,0,0
감비나무,제주시 > 구좌,#펜션 #조식 포함 #카페 #공공와이파이존 #정원 #물품보관서비스 #주차장 #무장애여행,0,0,1,0
강남하우스펜션,서귀포시 > 대정,#펜션 #서귀포 #바비큐 #가족 #자연경관 #농어촌민박,0,0,0,0
강정서부민박,서귀포시 > 서귀포시내,#고향민박 #가족 #단체여행객,0,0,0,0
갤러리민박,섬 속의 섬 > 추차도,#민박 #농어촌민박 #자연경관,0,0,0,0
갯바위펜션,서귀포시 > 서귀포시내,#낚시 #해수욕장 #수상레저 #바비큐 #농어촌민박,0,0,0,0
거드락지민박,제주시 > 한림,#협재해수욕장 #힐링쉼터 #힐링 #교통,0,0,5,0
게스트하우스7,제주시 > 제주시내,#공공와이파이존 #온돌방 #수상레저 #독채 #계곡 #안전인증민박,0,2,7,0
게으르게,제주시 > 조천,#힐링쉼터 #자연경관 #힐링 #독채,0,0,1,0
고려민박,섬 속의 섬 > 추차도,#민박 #농어촌민박 #교통 #공공와이파이존 #반려동물동반_숙소 #반려동물동반입장 #반려동물,0,0,1,0
고불락하우스,제주시 > 애월,#민박 #해안도로 #조식 #공공와이파이존 #식당 #고객휴게실,0,0,1,0
고성2119펜션위플레이독,서귀포시 > 성산,#반려동물동반입장 #혼저옵서개 #반려동물동반_숙소,0,0,0,0
골드원 호텔 & 스위트,서귀포시 > 서귀포시내,#공공와이파이존 #환전 #수영장 #관광호텔,0,1,1,0
골든비치,제주시 > 제주시내,#해수욕장 #자연경관 #바비큐 #해변,0,0,1,0
곰씨비씨게스트하우스,서귀포시 > 안덕,#힐링쉼터 #마을산책 #카페 #조식,0,0,0,0
공감민박,서귀포시 > 성산,#농어촌민박 #주차장 #공공와이파이존 #돌담길,0,0,0,0
관음사 야영장,제주시 > 제주시내,#자연경관 #체험 #캠핑장 #언택트 #어트랙션,0,2,1,0
구름비낭,제주시 > 한경,#독채 #주차장 #공공와이파이존,0,0,3,0
굿데이 펜션,서귀포시 > 서귀포시내,#민박 #주차장 #공공와이파이존 #자연경관 #해변 #조식 포함,0,0,0,0
그라벨호텔제주,제주시 > 제주시내,#수영장 #자연경관 #해변 #음식 #공공와이파이존 #주차장 #관광호텔 #무장애관광,0,3,12,0
그랜드 조선 제주,서귀포시 > 중문,#패키지관광 #공공와이파이존 #수영장 #관광호텔 #럭셔리트래블인제주 #무장애관광,0,0,6,0
그린나래,제주시 > 제주시내,#공공와이파이존 #조식 포함 #가족 #온돌방 #단체여행객 #풀빌라 #일몰명소 #독채,0,0,2,0
그린민박,섬 속의 섬 > 추차도,#숙소 #민박 #농어촌민박 #힐링,0,0,0,0
그린사이드펜션,서귀포시 > 서귀포시내,#휴양펜션 #일반숙박 #민박 #교통 #해수욕장 #바비큐 #돌담길 #정원 #농어촌민박,0,0,0,0
그림같은집,서귀포시 > 서귀포시내,#휴양펜션 #서귀포 #주차장 #자연경관 #농어촌민박,0,1,0,0
그림그리는펜션,서귀포시 > 성산,#민박 #독채 #반려동물보호소 #공공와이파이존 #해수욕장 #문화관광 #수상레저 #갯벌체험학습장 #바비큐 #가족 #단체여행객 #온돌방 #반려동물동반입장 #반려동물 #반려동물동반_숙소,0,1,1,0
그림리조트,제주시 > 제주시내,#수영장 #조식 #바비큐 #공공와이파이존 #해수욕장 #가족호텔 #안전여행스탬프 #무장애관광,0,0,1,0
글라라의집,서귀포시 > 안덕,#독채 #정원 #자연경관 #올레길 #조식 포함 #안전인증민박 #농어촌민박,0,0,3,0
금능이큐스테이호텔,제주시 > 한림,#반려동물동반입장 #혼저옵서개 #반려동물동반_숙소,0,0,0,0
금서방네이층집,서귀포시 > 안덕,#공공와이파이존 #온돌방 #해수욕장 #농어촌민박,0,0,1,0
기분좋은 민박,제주시 > 구좌,#농어촌민박 #주차장 #공공와이파이존 #교통 #물품보관서비스 #바비큐,0,0,0,0
길섶나그네펜션,제주시 > 조천,#펜션 #한옥 #편백나무펜션 #숲 #노천온천 #차 #음식 #교통,0,0,0,0
김군아미고게스트하우스,제주시 > 애월,#공공와이파이존 #조식 포함 #자연경관,0,0,1,0
김녕몽생이,제주시 > 구좌,#공공와이파이존 #마을관광 #독채,0,0,2,0
김녕한옥 용암정원,제주시 > 구좌,#해변 #한옥 #풀빌라 #가족 #온돌방 #바비큐 #해수욕장 #수상레저 #공공와이파이존,0,0,2,0
김선장네 민박,섬 속의 섬 > 추차도,#숙소 #포토스팟 #민박 #농어촌민박 #공공와이파이존 #교통,0,0,0,0
까사데비발디호텔,서귀포시 > 안덕,#주차장 #양식레스토랑 #조식,0,0,1,0
꽃머채 펜션,제주시 > 애월,#힐링 #공공와이파이존 #온돌방 #가족 #바비큐 #자연학습장 #자연경관 #돌담길 #어린이놀이터,0,0,1,0
꽃향기바다소리,제주시 > 한경,#해수욕장 #민박 #독채 #바비큐 #무장애여행 #편의시설 #부대시설 #주차장 #공공와이파이존 #무장애관광,0,0,0,0
꿀잠자리,서귀포시 > 대정,#조식 포함 #공공와이파이존 #민박 #휴양펜션 #주차장 #식당 #농어촌민박,0,0,2,0
꿈꾸는 노마드,서귀포시 > 서귀포시내,#바비큐 #정원 #주방기구 #해수욕장 #무장애관광,0,1,3,0
꿈꾸는바다,제주시 > 제주시내,#휴양펜션 #해수욕장 #온돌방 #주방기구 #공항 #자연경관,0,0,1,0
꿈꾸는정원,제주시 > 조천,#단체여행객 #주차장 #공공와이파이존 #정원 #돌담길 #바비큐,0,0,1,0
나무아래독채펜션,제주시 > 구좌,#독채 #주방기구 #힐링 #바비큐 #공공와이파이존 #온돌방,0,0,4,0
나무이야기,서귀포시 > 남원,#오름투어 #낚시 #체험 #온돌방 #바비큐 #공공와이파이존 #해변 #편백나무펜션 #독채 #방갈로숙박촌 #농어촌민박,0,0,0,0
나무이야기 하우스,서귀포시 > 표선,#민박 #음식 #계곡 #농어촌민박,0,0,1,0
나무이야기게스트하우스,서귀포시 > 남원,#독채 #조식 포함 #단체여행객 #온돌방 #바비큐 #공공와이파이존 #농어촌민박,0,0,0,0
나무이야기게스트하우스 2호점,서귀포시 > 남원,#음식 #단체여행객 #힐링쉼터 #농어촌민박,0,0,1,0
나무향기펜션,제주시 > 제주시내,#펜션 #해수욕장 #공항 #정원 #공공와이파이존 #주방기구,0,0,0,0
나바론 민박,섬 속의 섬 > 추차도,#숙소 #민박 #농어촌민박 #특산품판매장,0,0,0,0
나비스호텔,제주시 > 애월,#공공와이파이존 #교통 #수영장 #주차장 #해변 #자연경관,0,0,1,0
나인스파빌,제주시 > 애월,#조식 #바비큐 #해수욕장 #풀빌라,0,0,5,0
남쪽나라빌,서귀포시 > 중문,#주방기구 #바비큐 #공항 #단체여행객 #농어촌민박,0,0,1,0
낭만펜션,제주시 > 제주시내,#펜션 #가족 #단체여행객 #바비큐 #해변 #자연경관,0,0,0,0
내사랑추자야펜션민박,섬 속의 섬 > 추차도,#추자도 #숙소 #휴양펜션 #펜션 #민박 #농어촌민박,0,0,0,0
노닐다 게스트하우스,섬 속의 섬 > 우도,#힐링 #힐링쉼터 #조식 포함 #우도,0,0,1,0
노블렛휴양펜션,서귀포시 > 남원,#통나무집민박 #독채 #주택(주거)지역 #가족 #민박단지,0,0,0,0
노을과 포도향기,제주시 > 애월,#민박 #고향민박 #농어촌민박,0,0,0,0
노을과원담,제주시 > 한경,#펜션 #가족 #단체여행객 #주방기구 #주차장 #바비큐,0,0,0,0
노을담은뜨락,서귀포시 > 대정,#해변 #해안도로 #해수욕장 #스파 #공공와이파이존 #바비큐 #가족 #농어촌민박,0,0,1,0
놀멍쉬멍고르멍,제주시 > 구좌,#펜션 #휴양펜션 #독채 #주차장 #공공와이파이존 #온돌방 #가족 #방갈로숙박촌,0,0,3,0
누구하나,제주시 > 애월,# 가족 # 연인 # 제주숙박 # 민박 # 쉼,0,0,0,0
눈먼고래,제주시 > 조천,#돌담풍경마을 #자연경관 #주차장 #공공와이파이존 #독채 #촬영지,0,1,2,0
뉴그린모텔,서귀포시 > 표선,#펜션 #해수욕장 #공공와이파이존 #온돌방 #가족,0,0,0,0
뉴그린펜션,서귀포시 > 표선,#해변 #해수욕장 #공공와이파이존 #부대시설 #모텔 #온돌방 #가족 #주방기구,0,0,0,0
뉴아일랜드민박,섬 속의 섬 > 추차도,#숙소 #민박 #농어촌민박 #교통 #낚시 #산책로,0,0,0,0
뉴아일랜드호텔,제주시 > 제주시내,#주차장 #양식레스토랑 #무장애관광,0,0,0,0
뉴코리아유스호스텔,제주시 > 애월,#리조트 #휴양콘도 #식당 #주차장 #극장(영화관) #매점 #수영장 #바비큐,0,0,1,0
느르왓,제주시 > 한경,#고향민박 #농어촌민박 #주차장 #돌담길,0,0,0,0
늘송파크텔,제주시 > 제주시내,#온돌방 #공항 #한국관광품질인증업소 #무장애관광 #우수관광사업체,0,0,1,0
늘푸른 게스트하우스,서귀포시 > 대정,#교통 #해수욕장 #독채 #단체여행객 #온돌방 #농어촌민박,0,0,1,0
늘해랑펜션,서귀포시 > 서귀포시내,#온돌방 #독채 #바비큐 #공공와이파이존 #농어촌민박,0,0,1,0
다노이커플펜션,제주시 > 구좌,#조식 포함 #해수욕장 #공공와이파이존 #해변 #자연경관,0,1,0,0
다래산장,제주시 > 애월,#독채 #바비큐 #공공와이파이존 #해수욕장 #온돌방 #가족 #주차장,0,0,4,0
다미네민박,섬 속의 섬 > 추차도,#숙소 #민박 #농어촌민박 #교통 #자연경관,0,0,0,0
다솜펜션,서귀포시 > 서귀포시내,#펜션 #바비큐 #해수욕장 #수상레저 #공공와이파이존 #온돌방 #가족,0,0,1,0
다올제민박,제주시 > 구좌,#고향민박 #돌담풍경마을 #공공와이파이존 #바비큐 #온돌방,0,0,1,0
다이브게스트하우스,서귀포시 > 서귀포시내,#수상레저 #체험 #레저/체험 #스쿠버다이빙 #주차장 #공공와이파이존 #교통 #농어촌민박,0,0,0,0
다이아몬드 호텔,제주시 > 제주시내,#주차장 #공공와이파이존 #교통 #물품보관서비스 #무장애여행 #엘리베이터 #체험 #무장애관광,0,2,3,0
다인리조트,제주시 > 애월,#리조트 #공공와이파이존 #수영장 #주차장 #양식레스토랑 #언택트 #가족호텔,0,0,9,0
다인오세아노 호텔,제주시 > 애월,#수영장 #주차장 #양식레스토랑 #조식 #오션뷰호텔 #관광호텔 #무장애관광,0,2,8,0
달빛고운펜션,제주시 > 구좌,#주차장 #공공와이파이존 #해수욕장 #힐링,0,0,0,0
달빛바다,제주시 > 제주시내,#온돌방 #바비큐 #해수욕장 #공공와이파이존 #수상레저,0,0,2,0
달자펜션,제주시 > 애월,#펜션 #바비큐 #공공와이파이존 #스파,0,0,3,0
달집게스트하우스,제주시 > 구좌,#해수욕장 #주택(주거)지역 #공공와이파이존 #조식 #주차장,0,0,1,0
달콤한소금만들기,서귀포시 > 안덕,#공공와이파이존 #해수욕장 #바비큐 #온돌방 #가족 #해변 #농어촌민박,0,0,2,0
달콤한아침,제주시 > 구좌,#조식 포함 #독채 #해수욕장 #수상레저 #공공와이파이존 #온돌방,0,0,2,0
담앤루리조트,서귀포시 > 서귀포시내,#펜션 #리조트 #부대시설 #휴양콘도 #스파 #풀빌라 #서귀포 #조식 #매점 #가족 #주방기구 #가족호텔,0,0,9,0
대물민박,섬 속의 섬 > 추차도,#숙소 #민박 #농어촌민박 #교통 #별미음식 #계절음식,0,0,0,0
더 프라이빗 시로,제주시 > 한경,#바비큐 #노천온천 #공공와이파이존 #독채,0,0,0,0
더갤러리펜션,제주시 > 조천,#스파 #독채 #바비큐 #수영장 #공공와이파이존 #가족,0,2,3,0
더그랜드섬오름,서귀포시 > 서귀포시내,#수영장 #장애인 주차 #무장애관광,0,0,3,0
더레드관광호텔,제주시 > 제주시내,#모텔 #양식레스토랑 #엘리베이터 #관광호텔 #무장애관광,0,0,0,0
더블루제주호텔,서귀포시 > 서귀포시내,#단체여행객 #주차장 #공공와이파이존 #편의시설,0,0,0,0
더비비스제주,서귀포시 > 서귀포시내,#자연경관 #해변 #해수욕장 #바비큐 #온돌방 #가족 #공공와이파이존 #부대시설 #정원,0,0,1,0
더쉼팡스파&풀빌라,서귀포시 > 표선,#펜션 #휴양펜션 #독채 #가족 #리조트 #올레길 #자연경관 #무장애관광 #농어촌민박,0,0,1,0
더아름다운펜션,서귀포시 > 서귀포시내,#펜션 #서귀포 #주차장 #단체여행객 #중문관광단지 #정원,0,0,1,0
더오크라호텔,제주시 > 제주시내,#착한가격업소,0,0,1,0
더칠린,제주시 > 애월,#반려동물동반입장 #혼저옵서개 #반려동물동반_숙소,0,0,0,0
더큐브리조트 제주,서귀포시 > 서귀포시내,#공공와이파이존 #주차장 #물품보관서비스 #무장애관광,0,1,4,0
더하도스파빌라,제주시 > 구좌,#휴양펜션 #해수욕장 #독채 #공공와이파이존,0,0,1,0
더하우스펜션,제주시 > 구좌,#자연경관 #해변 #바비큐 #주차장 #해안도로,0,0,2,0
데이즈호텔 제주서귀포오션,서귀포시 > 서귀포시내,#주차장 #공공와이파이존 #양식레스토랑 #비즈니스센터 #무장애관광,0,2,11,0
도도펜션,서귀포시 > 안덕,#펜션 #주차장 #조식 포함 #중문관광단지 #자연경관 #독채 #농어촌민박,0,0,3,0
도로시게스트하우스,서귀포시 > 성산,#조식 #카페 #올레 #공공와이파이존 #드라이브,0,0,1,0
도일모텔,제주시 > 제주시내,#일반숙박 #주차장 #공공와이파이존 #공항,0,0,0,0
돌고래하우스(캠핑장),서귀포시 > 서귀포시내,#캠핑 #언택트 #서귀포 #독채 #일몰명소 #산책로 #농어촌민박,0,1,2,0
돌꽃펜션,제주시 > 제주시내,#숙소 #휴양펜션 #해수욕장 #해안도로 #힐링 #농어촌민박 #바비큐 #온돌방,0,0,1,0
돌담민박,제주시 > 애월,#낚시 #체험 #힐링 #돌담풍경마을,0,0,0,0
돌담한길펜션,서귀포시 > 남원,#펜션 #힐링쉼터 #독채 #자연경관 #바비큐 #공공와이파이존 #주차장,0,1,0,0
돌집조앤정,제주시 > 구좌,#주차장 #발렛파킹 #공공와이파이존 #독채 #펜션 #돌집,0,0,4,0
동굴민박,섬 속의 섬 > 우도,#우도 #올레길 #식당 #자전거대여점,0,0,0,0
동막골펜션,서귀포시 > 안덕,#주방기구 #찜질방 #농어촌민박,0,0,1,0
동백동산펜션,제주시 > 조천,#동백 #바비큐 #공공와이파이존 #편백나무펜션 #온돌방,0,0,0,0
동복리671,제주시 > 구좌,#공공와이파이존 #조식 포함 #자연경관 #바비큐,0,0,2,0
동산나라펜션,서귀포시 > 서귀포시내,#펜션 #해변 #산책로 #바비큐 #공공와이파이존 #자연경관 #중문관광단지 #농어촌민박,0,0,0,0
동양콘도,제주시 > 애월,#주방기구 #자연경관 #해변 #조식 #무장애관광,0,0,2,0
동일민박,섬 속의 섬 > 추차도,#민박 #농어촌민박 #공공와이파이존 #조식,0,0,0,0
동촌하우스,제주시 > 구좌,#주차장 #공공와이파이존 #조식 #카페,0,0,0,0
두리안펜션,서귀포시 > 남원,#친구 #아이 #펜션 #휴식 #숙소 #휴양펜션 #공공와이파이존 #온돌방 #단체여행객 #무장애관광 #농어촌민박,0,0,3,0
드림캐슬,서귀포시 > 남원,#가족 #바비큐 #온돌방 #휴양펜션,0,0,0,0
등대민박,섬 속의 섬 > 추차도,#숙소 #민박 #농어촌민박 #주차장,0,0,0,0
디셈버호텔,제주시 > 제주시내,#주차장 #공공와이파이존 #관광호텔,0,0,3,0
디스이즈핫,제주시 > 구좌,#휴양펜션 #조식 포함 #주차장 #자연경관,0,0,0,0
디어마이프렌즈,제주시 > 한경,#반려동물동반_숙소,0,0,0,0
땅콩펜션,섬 속의 섬 > 우도,#우도 #게스트하우스 #힐링쉼터 #음식,0,0,1,0
또오크라,제주시 > 애월,#가족 #바비큐 #온돌방 #숙소,0,0,0,0
또올레펜션&게스트하우스,제주시 > 한경,#게스트하우스 #정원 #주차장 #안전인증민박 #해수욕장,0,0,0,0
뜨레향 펜션,서귀포시 > 남원,#펜션 #마을산책 #마을관광 #조식 포함 #힐링 #안전인증민박,0,0,0,0
뜨리바다펜션,서귀포시 > 남원,#자연경관 #산책로 #바비큐 #농어촌민박,0,0,0,0
라라게스트하우스,제주시 > 조천,# 취사,0,0,0,0
라마다앙코르 서귀포 이스트 호텔,서귀포시 > 서귀포시내,#주차장 #공공와이파이존 #조식 포함 #비즈니스센터,0,1,8,0
라마다앙코르 서귀포호텔,서귀포시 > 서귀포시내,#양식레스토랑 #주차장 #객실 #무장애관광,0,0,0,0
라메종베니in제주,서귀포시 > 성산,#민박 #마을관광 #조식 #농어촌민박,0,1,0,0
라벤다호텔,서귀포시 > 서귀포시내,#공공와이파이존 #휴양콘도,0,0,2,0
라신비,제주시 > 한림,#해수욕장 #바비큐 #체험 #안전인증민박,0,2,0,0
라오체리조트,서귀포시 > 서귀포시내,#서귀포 #휴양콘도 #공공와이파이존 #수영장 #주차장 #무장애관광,0,0,1,0
라이온힐펜션,서귀포시 > 안덕,#독채 #단체여행객 #바비큐 #온돌방 #가족 #조식 포함 #체험 #공공와이파이존 #계곡 #해수욕장 #수영장 #수상레저,0,0,1,0
라임오렌지빌,서귀포시 > 서귀포시내,# 조식 #바비큐 # 반려동물 #반려동물동반입장 #혼저옵서개 #반려동물동반_숙소,0,0,0,0
라자관광호텔,제주시 > 제주시내,#엘리베이터 #물품보관서비스 #가족호텔 #무장애관광,0,0,0,0
라파로마휴양펜션,제주시 > 한림,#온돌방 #가족 #체험 #해수욕장,0,0,2,0
라헨느리조트,제주시 > 제주시내,#골프 #리조트 #레저/체험,0,0,0,0
란펜션,제주시 > 제주시내,#게스트하우스 #단체여행객 #바비큐 #해변 #자연경관 #엘리베이터,0,0,0,0
랑주호텔,서귀포시 > 서귀포시내,#가족호텔 #관광호텔 #주차장,0,1,0,0
런호텔,서귀포시 > 서귀포시내,#주차장 #공공와이파이존 #물품보관서비스 #무장애관광,0,0,0,0
레몬이네 민박,섬 속의 섬 > 추차도,#숙소 #민박 #농어촌민박 #교통 #해변 #바비큐,0,0,0,0
레몬트리게스트하우스,서귀포시 > 대정,#가족 #조식 포함 #공공와이파이존,0,0,2,0
레이크힐스 제주 리조트,서귀포시 > 서귀포시내,#휴양콘도 #주차장 #골프 #스쿠버다이빙 #수상레저 #무장애관광,0,0,0,0
레지나펜션,서귀포시 > 서귀포시내,#온돌방 #가족 #단체여행객 #바비큐 #공공와이파이존 #교통 #해수욕장 #해변,0,0,0,0
로그맨하우스,제주시 > 애월,#독채 #바비큐 #해수욕장 #통나무집민박 #공공와이파이존,0,0,0,0
로그밸리,제주시 > 애월,#휴양펜션 #독채 #어린이동물농장 #바비큐 #체험 #승마체험 #어린이 #가족,0,0,2,0
로그빌리지 펜션,서귀포시 > 표선,#민박 #통나무집민박 #바비큐 #고향민박 #농어촌민박,0,0,0,0
로베로호텔,제주시 > 제주시내,#주차장 #환전 #비즈니스센터 #관광호텔 #무장애관광,0,0,0,0
로즈비치,제주시 > 조천,#자연경관 #해변 #휴양펜션 #무장애관광,0,0,0,0
루시드엠,서귀포시 > 안덕,#리조트 #휴양콘도,0,0,0,0
루체빌,서귀포시 > 안덕,#단체여행객 #주차장 #수영장 #노천온천 #공공와이파이존 #무장애여행 #안전여행스탬프 #무장애관광,0,2,7,0
루하우스,서귀포시 > 표선,#휴양펜션 #주차장 #공공와이파이존 #어린이놀이방 #무장애관광 #농어촌민박,0,0,0,0
리니민박(RINY),서귀포시 > 표선,#수영장 #독채 #고향민박,0,4,5,0
리버풀펜션,제주시 > 제주시내,#주차장 #공공와이파이존 #해수욕장 #자연경관,0,0,0,0
리빙스톤펜션,서귀포시 > 서귀포시내,# 바비큐장 # 와이파이 # 단체 # 가족실 # 침대방 # 반려동물 #반려동물동반입장 #혼저옵서개 #반려동물동반_숙소,0,0,0,0
리치웨이 펜션,서귀포시 > 남원,#낚시 #음식 #카페 #자연경관,0,0,0,0
리틀해녀,제주시 > 제주시내,#전통가옥 #무장애관광,0,0,0,0
리틀화이트,서귀포시 > 서귀포시내,# 모던 # 스튜디오식 # 반려동물 #반려동물동반입장 #혼저옵서개 #반려동물동반_숙소,0,0,0,0
마녀의언덕 펜션,서귀포시 > 서귀포시내,# 바닷가 # 단체 # 풀빌라. 바비큐 # 오션뷰 # 반려동물 #반려동물동반입장 #혼저옵서개 #반려동물동반_숙소,0,0,1,0
마눌펜션,제주시 > 애월,#펜션 #숙소 #휴양펜션 #바비큐 #온돌방 #무장애관광,0,1,1,0
마당돌펜션,서귀포시 > 대정,#펜션 #독채 #산책로 #바비큐 #가족 #노래방,0,0,3,0
마라도게스트하우스,섬 속의 섬 > 마라도,#음식 #별미음식 #마라도 #농어촌민박,0,0,0,0
마라도별장,섬 속의 섬 > 마라도,#휴양펜션 #식당 #자연경관 #음식,0,0,0,0
마레카펜션,제주시 > 한림,#해수욕장 #바비큐 #독채 #한옥 #온돌방 #단체여행객 #반려동물보호소 #반려동물동반입장 #반려동물 #반려동물동반_숙소,0,0,2,0
마리아주펜션,서귀포시 > 성산,#바비큐 #공공와이파이존 #조식 포함 #해수욕장,0,0,0,0
마린포트리조트,서귀포시 > 서귀포시내,#휴양콘도 #서귀포 #해수욕장 #온돌방 #주차장 #자연경관 #무장애관광,0,1,0,0
마빈,제주시 > 조천,#자연경관 #해변 #공공와이파이존 #바비큐 #해수욕장,0,0,0,0
마이테르유스호스텔,제주시 > 애월,#매점 #힐링쉼터 #무장애관광,0,0,1,0
마주보기펜션,서귀포시 > 성산,#펜션 #민박 #바비큐 #주방기구 #자연경관 #서귀포,0,0,0,0
머무름민박,제주시 > 한림,#농어촌민박 #바비큐 #공공와이파이존 #텃밭집,0,0,1,0
메모리 인 제주 펜션,서귀포시 > 서귀포시내,#주차장 #주방기구 #바비큐 #교통 #어린이놀이터 #정원 #무장애여행 #편의시설 #낚시 #물품보관서비스 #편백나무펜션 #온돌방 #무장애관광 #농어촌민박,0,1,1,0
메이더호텔,제주시 > 구좌,#양식레스토랑 #공공와이파이존 #주차장 #관광호텔 #무장애관광,0,0,0,0
메이저호텔,제주시 > 제주시내,#주차장 #공공와이파이존 #조식 포함 #무장애관광,0,0,0,0
메이풀하우스,제주시 > 조천,#리조트 #주차장 #펜션 #휴양펜션 #가족 #단체여행객,0,0,0,0
메종드판포,제주시 > 한경,#독채 #힐링 #마을관광 #힐링쉼터 #바비큐 #가족,0,0,2,0
명상가의집,제주시 > 조천,#조식포함 #온돌방 #공공와이파이존 #반려동물동반_숙소 #반려동물동반입장,0,2,3,0
모멘토호텔,서귀포시 > 서귀포시내,#물품보관서비스 #교통 #공공와이파이존 #자연경관 #서귀포,0,0,0,0
모물펜션,제주시 > 애월,#펜션 #바비큐 #공공와이파이존 #조식 포함 #단체여행객 #해수욕장,0,1,2,0
목조 독채민박 멍3닷컴,제주시 > 조천,#농어촌민박 #독채 #정원 #주차장,0,0,0,0
몬딱게스트하우스,제주시 > 구좌,#텃밭집 #체험 #조식 포함 #공공와이파이존 #스파,0,1,0,0
몬딱쉼터,서귀포시 > 서귀포시내,#휴양펜션 #주차장 #정원 #게스트하우스 #무장애관광 #농어촌민박,0,0,1,0
몬떼뷰 스테이,서귀포시 > 안덕,#수영장 #조식 포함 #공공와이파이존 #온돌방 #바비큐 #해수욕장 #독채 #해변 #수상레저 #계곡 #문화관광 #농어촌민박,0,0,1,0
무이비엔,제주시 > 구좌,#휴양펜션 #민박 #고향민박 #가족 #정원 #바비큐,0,0,2,0
물돌이민박,섬 속의 섬 > 추차도,#숙소 #민박 #농어촌민박 #주차장 #부두,0,0,0,0
물메랑,제주시 > 애월,#바비큐 #공공와이파이존 #온돌방 #가족 #해수욕장 #해변 #해안도로 #엘리베이터 #주방기구 #무장애관광,0,0,2,0
미도모텔,서귀포시 > 성산,#가족 #일반숙박,0,0,3,0
미래하우스,제주시 > 제주시내,#휴양펜션 #바비큐 #공공와이파이존 #해안도로,0,0,0,0
미르빌펜션,서귀포시 > 안덕,#독채 #주차장 #일반숙박 #바비큐 #수영장 #골프 #편의시설 #카페,0,0,0,0
미소가펜션,서귀포시 > 남원,#펜션 #바비큐 #공공와이파이존 #해변 #주차장 #카페 #해수욕장 #농어촌민박,0,0,2,0
미쓰홍당무하우스,제주시 > 구좌,#민박 #농어촌민박 #조식 #돌담풍경마을,0,1,2,0
민박바당집,제주시 > 한림,#휴양펜션 #펜션 #협재해수욕장 #독채 #바비큐 #가족 #온돌방 #공공와이파이존 #해수욕장,0,0,0,0
민박집섶낭,제주시 > 한림,#주차장 #공공와이파이존 #마을산책,0,0,0,0
민박하얀집,제주시 > 한림,#주차장 #공공와이파이존 #독채 #주방기구 #협재해수욕장 #텃밭집,0,0,0,0
민준채,제주시 > 한림,#펜션 #단체여행객 #수영장 #바비큐 #공공와이파이존 #해수욕장 #독채 #수상레저 #노래방 #스파 #스파밸리(온천),0,1,4,0
민중각 게스트하우스,서귀포시 > 서귀포시내,#주차장 #물품보관서비스 #공공와이파이존 #오름투어 #고향민박 #무장애관광,0,0,0,0
밀레니엄빌,서귀포시 > 서귀포시내,#주차장 #바비큐 #교통 #물품보관서비스 #공공와이파이존 #부대시설 #식당 #노래방 #정원 #농어촌민박,0,0,0,0
밀물민박,섬 속의 섬 > 추차도,#숙소 #민박 #농어촌민박 #공공와이파이존 #힐링,0,0,0,0
바다드림,제주시 > 제주시내,#휴양펜션 #해수욕장 #바비큐 #계곡 #정원,0,0,1,0
바다산책,서귀포시 > 남원,#휴양펜션 #통나무집민박 #자연경관 #해변 #바비큐 #공공와이파이존,0,0,1,0
바다스케치,서귀포시 > 안덕,#반려동물보호소 #가족 #해수욕장 #단체여행객 #바비큐 #온돌방 #공공와이파이존 #수상레저 #반려동물동반입장 #반려동물 #반려동물동반_숙소,0,0,2,0
바다와자전거,제주시 > 애월,#도미토리 #숙소 #자연경관 #바비큐 #조식 포함,0,0,2,0
바다위올레펜션,서귀포시 > 서귀포시내,#주차장 #단체여행객 #자연경관 #올레길 #가족 #농어촌민박,0,0,1,0
바다의향기,서귀포시 > 대정,#농어촌민박 #단체여행객 #주차장 #공공와이파이존 #해변,4,0,0,0
바다추억,제주시 > 제주시내,#민박 #해수욕장 #바비큐 #해안도로,0,0,1,0
바다파파,제주시 > 조천,#가족 #바비큐 #공공와이파이존 #단체여행객 #해수욕장 #수상레저,0,0,0,0
바다풍경펜션,제주시 > 애월,#펜션 #자연경관 #해변 #일몰명소 #바비큐 #가족 #낚시 #착한가격업소,0,0,0,0
바다해호텔,서귀포시 > 서귀포시내,#관광호텔 #주차장 #공공와이파이존 #오션뷰호텔 #착한가격업소,0,2,6,0
바다향기,제주시 > 제주시내,#해수욕장 #수상레저 #해변 #농어촌민박,0,0,0,0
바닷가하얀집,서귀포시 > 서귀포시내,#휴양펜션 #바비큐 #해수욕장 #자연경관 #해변 #산책로 #해안도로 #농어촌민박,0,1,1,0
바닷가하우스펜션,서귀포시 > 대정,#펜션 #자연경관 #해변 #어린이 #해수욕장 #어린이놀이방 #공공와이파이존 #온돌방 #가족,0,0,1,0
바당정원펜션,제주시 > 한경,#가족 #바비큐 #단체여행객 #해수욕장 #해변 #수상레저 #협재해수욕장 #온돌방 #무장애관광,0,0,1,0
바람돌이하우스,제주시 > 구좌,#온돌방 #휴양펜션 #펜션 #노천온천 #정원,0,0,1,0
바랑쉬게스트하우스,서귀포시 > 성산,#공공와이파이존 #민박 #축제 #단체여행객 #해변,0,2,3,0
바사팬스파,제주시 > 한경,#휴양펜션 #자연경관 #해변 #바비큐 #공공와이파이존 #조식 포함 #단체여행객 #온돌방 #가족 #해수욕장,0,0,1,0
바산올레 애견동반 펜션,서귀포시 > 안덕,#자연경관 #해변 #바비큐 #해수욕장 #가족 #반려동물보호소 #공공와이파이존 #단체여행객 #갯벌체험학습장 #수상레저 #온돌방 #체험 #반려동물동반입장 #반려동물 #반려동물동반_숙소 #농어촌민박,0,0,2,0
바우하우스,제주시 > 구좌,#반려동물보호소 #가족 #바비큐 #공공와이파이존 #해변 #해수욕장 #수상레저 #돌담길 #정원 #반려동물동반입장 #반려동물 #반려동물동반_숙소,0,0,1,0
발로바쉬,제주시 > 애월,#해수욕장 #주차장 #정원 #주방기구,0,0,1,0
밧돌펜션하우스,제주시 > 구좌,#커플펜션 #오름펜션,0,1,1,0
방울풍뎅이 하우스,서귀포시 > 남원,#독채 #주차장 #해수욕장 #낚시 #농어촌민박,0,0,0,0
배목수집,제주시 > 구좌,#주차장 #공공와이파이존 #돌담풍경마을 #독채,0,0,2,0
백악관민박,섬 속의 섬 > 우도,#우도 #자연경관 #해변,0,0,0,0
밸류호텔 월드와이드 제주,제주시 > 제주시내,#발렛파킹 #힐링 #노천온천 #4성급호텔 #수영장,0,6,7,0
뱅디가름게스트하우스,서귀포시 > 성산,#민박 #단체여행객 #주차장 #공공와이파이존 #조식 #농어촌민박,0,0,1,0
벙커호텔앤리조트,서귀포시 > 서귀포시내,#바비큐 #수영장,0,1,0,0
베누스무인텔,제주시 > 애월,#공공와이파이존,0,0,1,0
베니키아 중문호텔,서귀포시 > 중문,#교통 #주차장 #공공와이파이존 #자연경관 #가족호텔 #관광호텔 #무장애관광,0,0,3,0
벨리타 캠핑장,제주시 > 조천,#흐림 #자연경관 #체험 #레저/체험 #캠핑 #언택트 #어트랙션,0,2,5,0
별똥별채집소,제주시 > 구좌,#돌담길 #공공와이파이존 #올레길 #돌담풍경마을 #독채 #텃밭집,0,1,4,0
별마로펜션,제주시 > 제주시내,#바비큐 #해수욕장 #공공와이파이존 #노래방 #해변 #자연경관 #산책로 #안전인증민박,0,0,0,0
별장민박,섬 속의 섬 > 추차도,#숙소 #민박 #농어촌민박 #주차장 #중문관광단지,0,0,0,0
볕들이펜션,서귀포시 > 성산,#숙소 #민박 #공공와이파이존 #자연경관,0,0,2,0
보물섬,서귀포시 > 성산,#공공와이파이존 #바비큐 #체험 #해수풀장,0,1,2,0
볼몽지엥하우스,서귀포시 > 서귀포시내,#돌담풍경마을 #조식 포함 #단체여행객 #자연경관 #민박 #농어촌민박,0,1,4,0
봉골레 하우스 민박,섬 속의 섬 > 추차도,#숙소 #민박 #농어촌민박 #주차장 #단체여행객 #안전인증민박 #착한가격업소,0,0,1,0
봉아저씨네민박,제주시 > 한림,#농어촌민박 #돌집 #돌담길 #바비큐,0,0,1,0
부르네스테이,제주시 > 제주시내,#해안도로 #카페 #자연경관,0,0,1,0
부영CC관광호텔,서귀포시 > 남원,#골프 #패키지관광 #무장애관광,0,1,0,0
브라운캐빈,제주시 > 애월,#독채 #펜션 #휴양펜션,0,0,0,0
브리즈베이호텔,서귀포시 > 성산,#주차장 #편의시설 #가족호텔,0,0,1,0
블라제리조트,서귀포시 > 표선,#펜션 #휴양펜션 #독채 #단체여행객 #바비큐 #노래방 #무장애관광 #농어촌민박,0,2,0,0
블랑게스트하우스,서귀포시 > 표선,#편백나무펜션 #조식 포함 #바비큐 #공공와이파이존 #교통 #해수욕장 #독채,0,0,0,0
블랙롯지,서귀포시 > 성산,#조식 포함 #마을관광 #자연경관 #공공와이파이존,0,0,0,0
블랙샌즈호텔,제주시 > 제주시내,#주차장 #환전 #연회장 #해수욕장 #관광호텔 #무장애관광,0,1,2,0
블루마린,서귀포시 > 표선,#휴양펜션 #자연경관 #해변 #안전인증민박,0,1,3,0
블루마운틴호텔,서귀포시 > 성산,#주차장 #해변 #가족 #가족호텔 #관광호텔 #무장애관광,0,0,4,0
블루오션,섬 속의 섬 > 가파도,#가파도 #자연경관 #힐링쉼터 #식당 #농어촌민박,0,0,0,0
블루펄리조트,서귀포시 > 서귀포시내,#휴양펜션 #리조트 #주차장 #서귀포 #산책로 #바비큐 #가족,0,0,1,0
블룸호텔,서귀포시 > 중문,#호텔 #안전여행스탬프,0,0,1,0
비레이지,서귀포시 > 남원,#돌담길 #카페 #힐링쉼터 #펜션 #농어촌민박,0,1,4,0
비스비제주 앤 팜빌리지,서귀포시 > 서귀포시내,#휴양펜션 #스파 #독채 #바비큐 #수영장 #조식 포함 #공공와이파이존,0,0,1,0
비스타리조트,제주시 > 제주시내,#자연경관 #해변 #공항 #주차장 #조식 #카페,0,1,4,0
비스타케이호텔월드컵,서귀포시 > 서귀포시내,#주차장,0,0,0,0
비아 제주,제주시 > 제주시내,#공공와이파이존 #힐링 #주택(주거)지역,0,0,0,0
비앤비호텔,제주시 > 제주시내,#주차장 #교통 #공항 #단체여행객 #발렛파킹 #무장애여행 #편의시설,0,0,2,0
비오하우스,제주시 > 구좌,#힐링 #해수욕장 #주방기구 #수영장,0,0,2,0
비자낭달집,제주시 > 구좌,#힐링 #힐링쉼터 #오름투어 #제주시 다랑쉬오름 #무장애관광,0,0,0,0
비지터게스트하우스,제주시 > 제주시내,#공항 #힐링쉼터 #제주동문시장 #공공와이파이존 #물품보관서비스 #주차장,0,0,4,0
비치조아,제주시 > 제주시내,#주차장 #카페,0,0,0,0
빌라배알로,서귀포시 > 성산,#독채 #돌집 #공공와이파이존 #주차장 #주방기구 #농어촌민박,0,0,1,0
빌라비하우스,서귀포시 > 서귀포시내,#공공와이파이존 #해변 #온돌방 #안전인증민박,0,1,1,0
뿌리게스트하우스,제주시 > 한경,#단체여행객 #온돌방 #해수욕장 #공공와이파이존 #체험,0,0,1,0
쁘띠제주빅터펜션,제주시 > 제주시내,#해수욕장 #공공와이파이존 #바비큐 #단체여행객 #온돌방 #수상레저,0,0,3,0
사계여행민박,서귀포시 > 안덕,#게스트하우스 #주차장 #정원 #돌담길 #조식 포함 #공공와이파이존 #계곡 #해수욕장 #수상레저,0,0,1,0
사계절민박,섬 속의 섬 > 추차도,#숙소 #민박 #농어촌민박 #자연경관,0,0,0,0
사랑이꽃피는민박,제주시 > 구좌,#농어촌민박 #안전인증민박 #게스트하우스 #펜션 #체험 #주방기구 #지질트레일,0,0,0,0
사랑터울,제주시 > 제주시내,#펜션 #해변 #자연경관 #공항 #안전인증민박,0,0,2,0
사면초가펜션,제주시 > 한경,#공공와이파이존 #독채 #해수욕장 #수상레저,0,0,0,0
산방산에펜션,서귀포시 > 안덕,#공공와이파이존 #바비큐 #체험 #독채 #단체여행객 #온돌방 #계곡 #해수욕장 #수영장,0,0,0,0
산방산파크텔,서귀포시 > 안덕,#바비큐 #수상레저,0,0,0,0
산방산호텔,서귀포시 > 대정,#가족호텔 #호텔 #안전여행스탬프,0,0,1,0
삼보민박,제주시 > 한림,#농어촌민박 #주차장 #휴양펜션 #해수욕장,0,0,0,0
삼해인관광호텔,제주시 > 제주시내,#공공와이파이존 #양식레스토랑 #주차장 #관광호텔 #연회장 #안전여행스탬프 #무장애관광,0,0,0,0
서귀포 늘바다 애견동반펜션,서귀포시 > 안덕,#반려동물보호소 #독채 #바비큐 #계곡 #단체여행객 #가족 #해변 #체험 #반려동물동반입장 #반려동물 #무장애관광 #반려동물동반_숙소 #농어촌민박,0,0,3,0
서귀포귤림성,서귀포시 > 서귀포시내,#포토스팟 #펜션 #휴양펜션 #단체여행객 #가족 #독채 #조식 포함 #공공와이파이존 #체험,0,0,3,0
서귀포힐즈호텔,서귀포시 > 서귀포시내,#공공와이파이존 #무장애관광,0,0,0,0
선스토리,서귀포시 > 표선,#조식 포함 #정원 #해안도로 #산책로 #체험 #캠핑,0,0,0,0
성게돌 펜션,서귀포시 > 서귀포시내,#주차장 #공공와이파이존 #힐링 #힐링쉼터,0,0,1,0
성산아침노을펜션,서귀포시 > 성산,#아이 #사계절 #안전인증숙소 #숙소 #휴양펜션 #펜션 #공공와이파이존 #안전인증민박,0,1,1,0
성산우리집 펜션,서귀포시 > 성산,#공공와이파이존 #조식 포함 #갯벌체험학습장 #해변 #해수욕장 #수상레저 #문화관광 #안전인증민박,0,1,4,0
세난포레스트,제주시 > 조천,#공방 # 워케이션,0,0,0,0
세화리움,제주시 > 구좌,#해수욕장 #공공와이파이존 #체험 #guesthouse #가족,0,0,0,0
세화맨션,제주시 > 구좌,#해수욕장 #독채 #마을산책 #농어촌민박,0,0,3,0
셋째날,서귀포시 > 서귀포시내,#공공와이파이존 #단체여행객 #해수욕장 #체험 #온돌방 #자연경관 #해변 #바비큐,0,0,0,0
소낭재,제주시 > 한림,#협재해수욕장 #민박 #음식,0,0,0,0
소노벨제주,제주시 > 조천,#숙소,0,0,10,0
소담펜션,서귀포시 > 서귀포시내,#바비큐 #공공와이파이존 #해변 #자연경관 #조식 포함,0,0,1,0
소풍BnB,서귀포시 > 서귀포시내,#휴양펜션 #주차장 #공공와이파이존 #자연경관,0,0,1,0
소풍이야기 펜션,제주시 > 애월,#친구 #아이 #휴식 #숙소 #휴양펜션 #펜션 #바비큐 #해수욕장 #자연경관 #수영장,0,0,2,0
솔로 게스트하우스,서귀포시 > 대정,#주차장 #물품보관서비스,0,0,0,0
솔민박,서귀포시 > 표선,#농어촌민박 #캠핑 #자전거대여점 #어린이 #해수욕장 #바비큐 #주방기구 #안전인증민박,0,0,1,0
송림원,제주시 > 애월,#휴양펜션 #민박 #고향민박 #독채 #방갈로숙박촌 #산책로 #가족,0,0,0,0
쇠소깍섬도리왓펜션,서귀포시 > 서귀포시내,#바비큐 #체험 #공공와이파이존,0,0,0,0
쇠소깍올레민박,서귀포시 > 서귀포시내,#마을관광 #돌담풍경마을 #올레,0,0,0,0
수필하우스,제주시 > 구좌,#독채 #해수욕장 #공공와이파이존 #해변 #갯벌체험학습장 #정원,0,0,1,0
수하리839,서귀포시 > 성산,#공공와이파이존 #온돌방 #조식 포함 #갯벌체험학습장,0,1,1,0
숨비아일랜드,서귀포시 > 성산,#휴양펜션 #민박 #자연경관 #해변,0,0,0,0
숲골 제주독채펜션,제주시 > 조천,#숲 #독채 #가족 #단체여행객 #온돌방 #공공와이파이존 #바비큐 #해수욕장 #자연경관,0,1,1,0
쉴띠펜션&게스트하우스,서귀포시 > 안덕,#펜션 #게스트하우스 #휴양콘도 #공공와이파이존 #주차장 #고객휴게실 #정원 #바비큐 #양식레스토랑 #카페,0,0,2,0
쉼멍스테이,서귀포시 > 대정,#펜션 #반려동물동반_숙소 #숙소,0,0,2,0
스마일모텔,제주시 > 제주시내,#관광호텔 #공항,0,2,1,0
스머프하우스,서귀포시 > 중문,#민박 #바비큐 #산책로 #해수욕장 #자연경관 #해변,0,0,1,0
스위트모텔,제주시 > 제주시내,#엘리베이터 #물품보관서비스 #공공와이파이존 #반려동물동반_숙소 #반려동물동반입장 #반려동물,0,1,1,0
스카이리더스호텔,제주시 > 제주시내,#공공와이파이존 #음식 #엘리베이터 #관광호텔 #무장애관광,0,0,0,0
스쿠버스토리,서귀포시 > 서귀포시내,#단체여행객 #주차장 #공공와이파이존 #교통,0,0,0,0
스테이달하,제주시 > 애월,#힐링쉼터 #휴양펜션 #펜션 #힐링 #노천온천 #독채,0,0,1,0
스테이지게스트하우스,제주시 > 구좌,#자연경관 #바비큐 #조식 포함 #레저/체험,0,0,2,0
스토리인제주게스트하우스,제주시 > 제주시내,#공항 #제주동문시장 #안전인증민박 #공공와이파이존 #바비큐,0,1,2,0
스토리하우스펜션,제주시 > 제주시내,#펜션 #바비큐 #공공와이파이존 #해수욕장 #가족 #자연경관 #체험 #골프,0,1,2,0
스톤성민박,서귀포시 > 서귀포시내,#농어촌민박 #휴양펜션 #교통 #편의시설,0,0,0,0
스프링데일골프앤리조트,서귀포시 > 남원,#휴양콘도 #양식레스토랑 #조식 포함 #무장애관광,0,0,0,0
시땅,제주시 > 애월,#공공와이파이존 #단체여행객 #해수욕장,0,0,1,0
시루네펜션,서귀포시 > 서귀포시내,#펜션 #반려동물동반_숙소 #숙소,0,0,1,0
시월애,서귀포시 > 대정,#힐링 #힐링쉼터 #공공와이파이존 #수영장 #정원,0,0,0,0
신강남모텔,제주시 > 제주시내,#교통 #공공와이파이존 #주차장 #편의시설,0,0,0,0
신등대민박,섬 속의 섬 > 추차도,#추자도 #숙소 #민박 #농어촌민박 #식당,0,0,0,0
신촌돌집,제주시 > 조천,#휴양펜션 #독채 #돌담길,0,0,2,0
신흥소시민,제주시 > 조천,#공공와이파이존 #마을관광 #힐링 #주방기구,0,1,0,0
실크로드펜션,제주시 > 제주시내,#펜션 #바비큐 #공공와이파이존 #해수욕장 #해안도로 #카페,0,0,1,0
심스호텔,제주시 > 제주시내,#공공와이파이존 #무장애여행 #주차장 #관광호텔 #안전여행스탬프 #무장애관광,0,0,0,0
썬라이즈호텔,서귀포시 > 중문,#산책로 #조식 #해변 #주차장 #공공와이파이존 #관광호텔 #가족호텔,0,0,0,0
썬레이크빌제주,서귀포시 > 성산,#휴양펜션 #주차장 #부대시설 #정원 #자연경관 #해안도로 #바비큐 #공공와이파이존 #조식 포함 #카페,0,0,2,0
썬베이펜션,제주시 > 제주시내,#올레길 #해수욕장 #낚시 #가족 #단체여행객,0,0,0,0
썬비치리조트,제주시 > 제주시내,#펜션 #휴양펜션 #휴양콘도 #해안도로 #해수욕장 #공공와이파이존 #무장애관광,0,0,2,0
썬비치민박,섬 속의 섬 > 우도,#우도 #해수욕장 #주방기구 #식당 #매점,0,0,0,0
썬앤문리조트,서귀포시 > 안덕,#휴양콘도 #수영장 #바비큐 #오션뷰호텔,0,1,2,0
쏠레 민박,서귀포시 > 성산,#자연경관 #주차장 #온돌방,0,0,0,0
씨사이드아덴,서귀포시 > 중문,#숙소 #힐링쉼터 #어린이놀이방 #공공와이파이존 #무장애관광,0,1,11,0
씨스테이호텔,제주시 > 애월,#양식레스토랑 #주차장 #자연경관 #목욕탕,0,0,7,0
씨앤하우스,제주시 > 조천,#주차장,0,0,0,0
씨제이 관광호텔,제주시 > 제주시내,#공공와이파이존 #엘리베이터 #무장애관광,0,0,1,0
아델리아빌,제주시 > 제주시내,#주차장 #가족 #공항 #민박,0,0,0,0
아뜨네통나무펜션,제주시 > 애월,#바비큐 #반려동물보호소 #공공와이파이존 #조식 포함 #해수욕장 #반려동물동반입장 #반려동물 #반려동물동반_숙소,0,0,1,0
아띠랑스 풀앤스파 호텔,서귀포시 > 성산,#스파 #일출 #공공와이파이존 #포토스팟,0,0,1,0
아란치아,서귀포시 > 서귀포시내,# 와이파이 # 모던 # 장기숙박 # 반려동물 #반려동물동반입장 #혼저옵서개 #반려동물동반_숙소,0,0,0,0
아름다운펜션민박,섬 속의 섬 > 추차도,#휴양펜션 #펜션 #민박 #농어촌민박 #바비큐 #체험 #자연경관 #해수욕장 #,0,0,2,0
아리스토캣펜션,제주시 > 제주시내,#자연경관 #해변 #농어촌민박 #민박,0,0,0,0
아림민박,제주시 > 제주시내,#농어촌민박 #펜션 #휴양펜션 #독채 #단체여행객 #가족 #온돌방 #공공와이파이존 #해수욕장 #해변 #안전인증민박,0,0,0,0
아마빌레,제주시 > 애월,#공항 #해변 #자연경관 #펜션 #휴양펜션 #주방기구,0,0,1,0
아모렉스리조트,제주시 > 제주시내,#휴양콘도 #공공와이파이존 #식당 #수영장 #주차장 #제주동문시장 #공항 #가족호텔,0,0,5,0
아모르하우스 오션뷰펜션,제주시 > 구좌,#휴양펜션 #바비큐 #공공와이파이존 #수상레저 #독채 #온돌방 #단체여행객 #체험 #해수욕장,0,0,1,0
아스타호텔,제주시 > 제주시내,#공공와이파이존 #양식레스토랑 #주차장 #공항 #관광호텔 #안전여행스탬프 #무장애관광,0,4,5,0
아이랑키즈펜션,제주시 > 애월,#펜션 #가족 #수영장 #풀빌라 #어린이,0,0,5,0
아이미 제주비치 호텔,제주시 > 조천,#호텔 #안전여행스탬프,0,0,1,0
아이존호텔,제주시 > 제주시내,#주차장 #공항 #패키지관광 #무장애관광,0,0,0,0
아인피플호텔,제주시 > 제주시내,#공항 #자연경관 #온돌방 #가족 #조식 포함 #바비큐 #공공와이파이존 #정원 #물품보관서비스 #무장애관광,0,0,0,0
아일랜드펜션,서귀포시 > 성산,#휴양펜션 #바비큐 #단체여행객 #힐링쉼터,0,0,0,0
아침의 새소리펜션,서귀포시 > 남원,#펜션 #바비큐 #온돌방 #독채 #단체여행객 #가족 #교통 #공공와이파이존 #자연학습장 #문화관광 #해수욕장 #해변,0,0,1,0
아침의향기,서귀포시 > 서귀포시내,#주차장 #중문관광단지 #서귀포 #체험 #바비큐,0,0,0,0
아침해변,제주시 > 조천,#해안도로 #자연경관 #해변 #해수욕장 #수영장 #바비큐 #가족 #단체여행객 #공공와이파이존 #수상레저,0,0,0,0
아쿠아뷰티크,제주시 > 구좌,#자연경관 #해변 #독채 #조식 포함 #해수욕장 #수영장 #바비큐 #공공와이파이존 #가족 #온돌방 #단체여행객 #수상레저,0,1,3,0
아템파우제,제주시 > 한림,#공공와이파이존 #해수욕장 #안전인증민박,0,0,2,0
아토하우스,서귀포시 > 남원,#바비큐 #온돌방 #수영장 #해수욕장 #독채 #공공와이파이존,0,0,0,0
아트모텔,제주시 > 제주시내,#주차장 #온돌방 #공공와이파이존 #무장애관광,0,0,0,0
안녕김녕sea,제주시 > 구좌,#숙소 #게스트하우스 #공공와이파이존 #해수욕장 #조식 #수상레저 #온돌방,0,0,1,0
안녕프로젝트 게스트하우스,제주시 > 구좌,#해수욕장 #가족 #단체여행객 #독채 #해변 #공공와이파이존 #돌담풍경마을 #주차장 #무장애관광,0,0,1,0
안트레 펜션,제주시 > 한림,#식당 #휴양콘도 #공공와이파이존 #주차장 #정원 #바비큐,0,0,0,0
알로하민박,제주시 > 한림,#농어촌민박 #고향민박 #자연경관 #정원 #조식 #독채,0,1,2,0
알앤비타운,서귀포시 > 서귀포시내,#휴양펜션 #공공와이파이존 #바비큐 #주차장,1,0,0,0
애견동반 상추네,서귀포시 > 서귀포시내,#가족 # 반려동물 #반려동물동반입장 #혼저옵서개 #반려동물동반_숙소,0,0,0,0
애월해안누리펜션(구 하얀둥지펜션),제주시 > 애월,#펜션 #온돌방 #단체여행객 #자연경관 #올레길 #공공와이파이존 #주방기구 #바비큐 #부대시설 #카페,0,0,0,0
약천골민박,서귀포시 > 서귀포시내,#일반숙박 #주차장 #산책로 #올레길 #자연경관,0,0,0,0
언니게스트하우스,제주시 > 구좌,#독채 #펜션 #휴양펜션 #단체여행객 #돌집,0,0,1,0
언니네여인숙,제주시 > 구좌,#힐링 #힐링쉼터 #민박 #농어촌민박 #음식,0,1,6,0
엄블랑펜션,서귀포시 > 안덕,#펜션 #바비큐 #공공와이파이존 #온돌방 #해안도로 #지질트레일,0,0,0,0
에너벨리민박,제주시 > 한림,#주차장 #온돌방 #공공와이파이존 #식당 #협재해수욕장,0,0,1,0
에띠에리조트,서귀포시 > 서귀포시내,#휴양콘도 #자연경관 #해변 #바비큐 #부대시설 #주차장 #공공와이파이존 #무장애관광,0,0,1,0
에리두 Cafe n Beds,서귀포시 > 서귀포시내,#수영장 #주차장 #공공와이파이존 #펜션 #가족,0,1,2,0
에메랄드하우스,서귀포시 > 안덕,# 바비큐 # 반려동물 #반려동물동반입장 #혼저옵서개 #반려동물동반_숙소,0,0,0,0
에바다라이더하우스.공방,서귀포시 > 성산,#게스트하우스 #온돌방 #민박 #체험 #전통공방 #안전인증민박,0,0,0,0
에스호텔,제주시 > 제주시내,#주차장 #공공와이파이존 #양식레스토랑 #카페라떼 #바비큐 #관광호텔,0,0,1,0
에이지하우스,서귀포시 > 표선,#펜션 #독채 #자연경관 #체험 #바비큐 #공공와이파이존 #주차장 #감귤,0,0,2,0
에이티눈호텔,제주시 > 제주시내,#공항 #공공와이파이존 #관광호텔 #우수관광사업체 #무장애관광,0,0,2,0
에코그린리조트,제주시 > 한림,#힐링 #휴양콘도 #주차장 #공공와이파이존 #가족호텔 #무장애관광,0,1,8,0
에코하우스민박펜션,섬 속의 섬 > 추차도,#추자도 #숙소 #휴양펜션 #펜션 #민박 #농어촌민박,0,0,0,0
에쿠스모텔,서귀포시 > 안덕,#주차장 #서귀포 #해수욕장 #자연경관 #물품보관서비스 #공공와이파이존 #부대시설 #편의시설,0,0,0,0
에퀴녹스 드 협재,제주시 > 한림,#펜션 #반려동물동반_숙소 #숙소,0,0,0,0
엔젤하우스,제주시 > 애월,#조식 #정원 #반려동물보호소 #해안도로 #단체여행객 #반려동물 #반려동물동반입장 #숙박 #펜션 #반려동물동반_숙소,0,1,1,0
엘마르게스트하우스,서귀포시 > 표선,#농어촌민박 #올레 #자연경관 #바비큐 #카페 #조식,0,1,1,0
엘쯔타운펜션,제주시 > 애월,#공공와이파이존 #독채 #단체여행객 #문화관광,0,0,1,0
엠버관광호텔,제주시 > 제주시내,#양식레스토랑 #공공와이파이존 #주차장 #무장애여행 #편의시설 #관광호텔 #안전여행스탬프 #무장애관광,0,0,2,0
엠버하우스,제주시 > 애월,#주차장 #테마공원 #공공와이파이존 #조식 #해수욕장 #물품보관서비스,0,0,0,0
엠버호텔 센트럴,제주시 > 제주시내,#공공와이파이존 #비즈니스센터 #양식레스토랑 #주차장 #환전 #관광호텔 #무장애관광,0,0,1,0
여래게스트하우스,제주시 > 구좌,#주차장 #공공와이파이존 #가족호텔 #조식 포함,0,0,2,0
여정여관,섬 속의 섬 > 추차도,#숙소 #민박 #여관,0,0,0,0
여행스케치,서귀포시 > 중문,#가족 #공공와이파이존 #중문관광단지 #해수욕장,0,0,1,0
연지민박,섬 속의 섬 > 우도,#우도 #해수욕장 #주차장 #고향민박 #텃밭집,0,0,0,0
예다움휴양펜션,제주시 > 제주시내,#자연경관 #해변 #바비큐,0,0,2,0
예스준게스트하우스,제주시 > 제주시내,#청년 #휴식/치유 #게스트하우스 #숙소 #조식 포함 #체험 #해수욕장 #수상레저,0,0,0,0
옛마을펜션,서귀포시 > 서귀포시내,#펜션 #반려동물동반_숙소 #숙소,0,0,0,0
옛살라비,제주시 > 애월,#주차장 #공공와이파이존 #가족,0,0,2,0
오누게스트하우스,제주시 > 애월,#주차장 #수영장 #바비큐 #공공와이파이존 #해수욕장,0,0,1,0
오랑제리펜션,서귀포시 > 서귀포시내,#노래방 #단체여행객 #수상레저 #계곡 #해변 #가족 #온돌방 #공공와이파이존 #해수욕장 #체험,0,0,0,0
오렌지트리 호텔,제주시 > 제주시내,#양식레스토랑 #조식 포함 #가족호텔 #힐링 #무장애관광,0,0,2,0
오롯바이에퀴녹스,제주시 > 한림,#반려동물동반_숙소,0,0,0,0
오비두스,제주시 > 애월,#독채 #바비큐 #노래방 #조식 포함 #해수욕장 #숙소,0,0,1,0
오빌하우스,서귀포시 > 남원,#휴양펜션 #가족 #바비큐 #공공와이파이존,0,0,0,0
오션갤러리호텔앤리조트,서귀포시 > 성산,#리조트 #숙박,0,0,0,0
오션그랜드호텔 (함덕),제주시 > 조천,#카페 #온돌방 #비즈니스센터 #연회장 #관광호텔 #안전여행스탬프 #무장애관광,0,0,3,0
오션스카이,제주시 > 구좌,#가족 #단체여행객 #수영장 #펜션 #휴양펜션 #바비큐 #공공와이파이존 #해수욕장 #온돌방,0,0,0,0
오션트리,서귀포시 > 서귀포시내,#수영장 #자연경관 #해변 #체험 #수상레저 #스쿠버다이빙 #무장애관광,0,0,0,0
오션패밀리호텔,제주시 > 제주시내,#가족호텔 #호텔 #안전여행스탬프,0,0,0,0
오시록헌펜션,제주시 > 한림,#독채 #공공와이파이존 #해수욕장 #자연경관,0,0,1,0
오조리비앤비(Ojoribnb),서귀포시 > 성산,#휴양펜션 #조식 포함 #공공와이파이존 #교통 #해수욕장 #무장애관광,0,0,1,0
오후여섯시펜션,제주시 > 애월,#해수욕장 #온돌방 #공공와이파이존 #체험 #바비큐,0,0,0,0
온더스톤펜션,서귀포시 > 성산,#도미토리 # 2인실 # 가족실 # 반려동물 #반려동물동반입장 #혼저옵서개 #반려동물동반_숙소,0,0,0,0
올레관광호텔,제주시 > 제주시내,#주차장 #관광호텔 #온돌방 #무장애관광,0,0,1,0
올레스테이,서귀포시 > 서귀포시내,#단체여행객 #공공와이파이존 #올레길 #서귀포 #도보여행,0,0,3,0
올레요리조트,서귀포시 > 서귀포시내,#서귀포 #공공와이파이존 #올레길 #주차장 #부대시설 #바비큐 #카페 #조식 #무장애관광,0,0,2,0
올레프로방스,제주시 > 애월,#가족 #공공와이파이존 #해수욕장 #온돌방,0,0,0,0
올레해오름펜션,제주시 > 애월,#펜션 #독채 #단체여행객 #바비큐 #공공와이파이존 #해수욕장 #가족 #반려동물보호소 #골프 #체험 #반려동물동반입장 #반려동물 #반려동물동반_숙소,0,0,1,0
올리수펜션,서귀포시 > 중문,#주방기구 #자연경관 #중문관광단지 #힐링쉼터,0,0,0,0
옵데가바이에퀴녹스,제주시 > 한림,#반려동물동반_숙소,0,0,0,0
와락 게스트하우스,제주시 > 구좌,#해수욕장 #공공와이파이존 #조식 포함 #체험 #가족 #단체여행객 #자연경관 #해변,0,0,3,0
용산제주유스호스텔,서귀포시 > 서귀포시내,#중문 #서귀포시,0,0,0,0
용수차경,제주시 > 한경,#돌담펜션 #민박 #제주숙박 #프라이빗독채 #독채,0,0,0,0
우도쉼팡게스트하우스,섬 속의 섬 > 우도,#자연경관 #해변 #식당 #음식,0,0,0,0
우도올레펜션,섬 속의 섬 > 우도,#일몰명소 #바비큐 #해변 #가족 #교통 #수영장 #해수욕장 #수상레저,0,1,0,0
우리두리게스트하우스,서귀포시 > 표선,#해수욕장 #독채,0,0,0,0
우연한동,제주시 > 구좌,# 월정리해변 # 세화해변,0,0,0,0
우연히 행복해지다,제주시 > 한림,#펜션 #복층 #금능해변 #금능해수욕장 #숙소 #가족,0,1,1,0
월령채,제주시 > 한림,#수영장 #농어촌민박 #민박,0,1,1,0
월정소랑,제주시 > 구좌,#휴양펜션 #독채 #해수욕장 #공공와이파이존 #온돌방 #체험 #돌담길,0,0,1,0
월정에비뉴,제주시 > 구좌,#수영장 #공공와이파이존 #레저/체험 #무장애관광,0,0,0,0
월정플레이스,제주시 > 구좌,#조식 #힐링 #독채 #펜션 #주차장 #안전인증민박,0,0,0,0
웨스티하우스,서귀포시 > 안덕,#반려동물보호소 #독채 #바비큐 #가족 #통나무집민박 #정원 #주방기구 #반려동물동반입장 #반려동물 #반려동물동반_숙소,0,0,2,0
유니호텔제주,제주시 > 애월,#수영장 #공공와이파이존 #주차장 #엘리베이터 #환전 #양식레스토랑 #관광호텔 #무장애관광,0,1,9,0
유러하우스,서귀포시 > 서귀포시내,#바비큐 #단체여행객 #낚시 #자연경관 #해변 #해수욕장 #편의시설 #조식,0,0,1,0
유수암캠핑장,제주시 > 애월,#캠핑장 #반려동물동반_숙소 #숙소,0,0,1,0
유심이감성하우스민박,섬 속의 섬 > 추차도,#숙소 #민박 #농어촌민박 #자연경관 #식당,0,1,1,0
유창민박,섬 속의 섬 > 추차도,#숙소 #민박 #농어촌민박 #주차장,0,0,0,0
유탑유블레스호텔,제주시 > 조천,#양식레스토랑 #주차장 #환전 #안전여행스탬프 #무장애관광,0,0,15,0
이디살래,서귀포시 > 안덕,#수영장 #독채 #단체여행객 #바비큐 #해수욕장 #해변 #계곡 #공공와이파이존 #온돌방 #수상레저 #무장애관광,0,0,0,0
이디완,제주시 > 제주시내,#한옥,0,0,0,0
이레민박,섬 속의 섬 > 추차도,#숙소 #민박 #농어촌민박 #공공와이파이존 #주차장 #교통,0,0,0,0
이린펜션,서귀포시 > 서귀포시내,#주방기구 #가족 #힐링쉼터,0,0,0,0
이쁜새이쁘게노래하고펜션,제주시 > 한림,#정원 #바비큐 #해수욕장 #가족 #공공와이파이존 #체험,0,0,0,0
이안재,제주시 > 구좌,#힐링 #힐링쉼터 #펜션 #휴양펜션 #안전인증민박,0,1,3,0
이야기별방,제주시 > 구좌,#해변 #교통 #공공와이파이존 #단체여행객 #가족 #바비큐 #해안도로 #체험 #자연경관 #주차장 #카페 #물품보관서비스,0,0,1,0
이어도펜션,제주시 > 제주시내,#펜션 #민박 #고향민박 #해안도로 #바비큐 #공공와이파이존,0,0,0,0
이찌마루&잠비,제주시 > 구좌,#독채 #마을관광 #마을산책,0,0,2,0
인더 하우스,제주시 > 애월,#반려동물보호소 #바비큐 #공공와이파이존 #단체여행객 #한옥 #온돌방 #독채 #반려동물동반입장 #반려동물 #반려동물동반_숙소,0,0,0,0
인추자커피앤민박,섬 속의 섬 > 추차도,#숙소 #민박 #농어촌민박 #카페 #올레길,0,0,0,0
일이오구스튜디오,서귀포시 > 성산,# 온돌방 # 반려동물 #반려동물동반입장 #혼저옵서개 #반려동물동반_숙소,0,0,1,0
일출썬 펜션,서귀포시 > 성산,#민박 #바비큐 #공공와이파이존 #힐링,0,0,0,0
일출언덕신산게스트하우스,서귀포시 > 성산,#주차장 #공공와이파이존 #편의시설 #민박,0,0,0,0
잇츠힐,제주시 > 애월,#휴양펜션 #일몰명소 #해안도로 #올레길 #바비큐 #가족 #단체여행객 #스파 #수영장 #공공와이파이존 #해수욕장 #수상레저 #풀빌라 #온돌방,0,0,0,0
자넷앤캐시,제주시 > 구좌,#단체여행객 #바비큐 #공공와이파이존 #해수욕장,0,0,1,0
자연인,제주시 > 제주시내,#캠핑 #바비큐 #공공와이파이존 #매점 #주차장 #언택트,0,0,2,0
장원민박,서귀포시 > 서귀포시내,#주차장 #올레길 #중문관광단지 #부대시설 #온돌방 #주방기구 #공공와이파이존 #착한가격업소,0,0,0,0
저스트슬립제주,서귀포시 > 대정,#펜션 #스파 #바비큐 #해변 #공공와이파이존 #가족 #교통 #해수욕장,0,1,4,0
전원민박,섬 속의 섬 > 우도,#주차장 #공공와이파이존 #주방기구 #조식 #자연경관 #해변 #온돌방,0,0,1,0
절물길펜션,제주시 > 제주시내,#고향민박 #체험 #바비큐 #공공와이파이존 #주차장 #독채 #주방기구,0,0,2,0
제니아호텔,제주시 > 제주시내,#공항 #카페 #관광호텔 #무장애관광,0,0,1,0
제이앤클로이,서귀포시 > 대정,#펜션 #스파 #바비큐 #공공와이파이존 #조식 포함 #해변 #매점 #노천온천,0,0,4,0
제이제이하우스,서귀포시 > 서귀포시내,#온돌방 #가족 #바비큐 #독채 #공공와이파이존 #계곡 #해수욕장,0,0,0,0
제이펜션,서귀포시 > 안덕,# 반려동물 #반려동물동반입장 #혼저옵서개 #반려동물동반_숙소,0,0,0,0
제주 리치호텔,제주시 > 애월,#주차장 #장애인 주차 #오션뷰호텔 #가족호텔,0,0,5,0
제주 벨루가,서귀포시 > 대정,#아이 #가족 #휴식/힐링 #온수풀빌라 #풀빌라 #바베큐 #복층 #숙소,0,0,0,0
제주 빠레브호텔,서귀포시 > 서귀포시내,#공공와이파이존 #양식레스토랑 #주차장 #환전 #자연경관 #조식 #관광호텔 #무장애관광,0,1,3,0
제주가온29,제주시 > 애월,#수영장 #바비큐 #조식 #카페 #웰니스 #무장애관광,0,1,3,0
제주공항 고추잠자리 게스트하우스,제주시 > 제주시내,#공항 #조식 포함 #음식 #온돌방,0,0,3,0
제주금산펜션,제주시 > 애월,#민박 #일반숙박 #공공와이파이존 #정원 #독채,0,0,0,0
제주나인리조트,제주시 > 제주시내,#호텔 #안전여행스탬프,0,0,2,0
제주나인부띠끄호텔,서귀포시 > 서귀포시내,#주차장 #공공와이파이존 #낚시 #스쿠버다이빙 #독채 #바비큐 #수영장 #조식 포함 #카페,0,0,2,0
제주더힐링하우스,제주시 > 구좌,# 멍비치 # 가족실 # 반려동물동반입장 # 반려동물동반_숙소,0,0,0,0
제주도통나무펜션,서귀포시 > 남원,#통나무집민박 #자연학습장 #바비큐 #체험 #낚시 #독채 #가족,0,0,0,0
제주돌집2호점 (스코리아),제주시 > 구좌,#휴양펜션 #민박 #돌집 #돌담풍경마을 #고향민박,0,0,2,0
제주돌하르방캠핑장,제주시 > 한경,#친구 #맑음 #여름 #체험 #레저/체험 #캠핑 #언택트 #어트랙션,0,0,4,0
제주디오빌,서귀포시 > 서귀포시내,#휴양펜션 #자연경관 #해변 #중문관광단지 #일몰명소 #바비큐 #안전인증민박,0,0,0,0
제주란펜션,제주시 > 애월,#자연경관 #해변 #공항 #단체여행객 #가족 #바비큐 #엘리베이터,0,0,0,0
제주를여행하는히치하이커를위한안내소,제주시 > 제주시내,#산책로 #음식,0,0,1,0
제주마로펜션,제주시 > 한림,#해수욕장 #바비큐 #단체여행객 #협재해수욕장,0,2,4,0
제주마실게스트하우스,제주시 > 제주시내,#민박 #주차장 #공공와이파이존 #가족 #물품보관서비스 #착한가격업소,0,0,1,0
제주머무리,서귀포시 > 안덕,#아이 #펜션 #바베큐 #감귤농장 #숙소 #해수욕장 #체험 #자연학습장 #무장애관광,0,0,0,0
제주메이플호텔,제주시 > 제주시내,#모텔 #주차장 #공공와이파이존 #공항,0,0,1,0
제주목화휴양펜션,서귀포시 > 남원,#주차장 #자연경관 #가족 #민박,0,0,3,0
제주별바람,제주시 > 한림,#휴양펜션 #주차장 #바비큐 #공공와이파이존,0,0,1,0
제주부영청소년수련원,서귀포시 > 중문,#단체여행객 #공공와이파이존 #편의시설 #무장애관광,0,0,0,0
제주블루앤씨펜션,서귀포시 > 성산,#반려동물동반입장 #혼저옵서개 #반려동물동반_숙소,0,0,0,0
제주비치펜션,제주시 > 애월,#펜션 #주차장 #해수욕장 #자연경관 #바비큐 #해변 #해안도로,0,0,2,0
제주빌레성 통나무휴양펜션,서귀포시 > 성산,#민박 #일반숙박 #숙소 #바비큐 #노래방 #공공와이파이존 #해변 #통나무집민박 #주차장 #정원,0,2,3,0
제주사랑 펜션,서귀포시 > 서귀포시내,#휴양펜션 #공공와이파이존 #바비큐 #주차장 #찜질방 #안전인증민박,0,0,0,0
제주산내들,서귀포시 > 표선,#휴양펜션 #바비큐 #해수욕장 #주차장,0,0,0,0
제주서울민박,서귀포시 > 남원,#농어촌민박 #단체여행객 #주차장 #공공와이파이존 #독채 #주방기구 #조식 #바비큐,0,0,0,0
제주성산골든튤립호텔,서귀포시 > 성산,#수영장 #주차장 #힐링 #4성급호텔,0,3,28,0
제주쉼표,제주시 > 제주시내,#펜션 #가족 #공공와이파이존 #해수욕장 #해변 #체험 #자연경관,0,0,1,0
제주스웨덴리조트펜션,제주시 > 한림,#펜션 #리조트 #가족 #독채 #수영장 #공공와이파이존 #어린이 #바비큐 #협재해수욕장,4,0,0,0
제주스테이비우다,서귀포시 > 서귀포시내,#자연경관 #해변 #온돌방 #공공와이파이존 #주차장 #관광호텔 #농어촌민박,0,0,1,0
제주신신휴양펜션,서귀포시 > 안덕,#수영장 #해수욕장,0,0,0,0
제주앓이,서귀포시 > 서귀포시내,# 수영장 # 반려동물 # 반려동물동반입장 # 혼저옵서개 # 반려동물동반_숙박,0,0,0,0
제주애물들다,제주시 > 한경,#반려동물동반입장 #혼저옵서개 #반려동물동반_숙소,0,0,0,0
제주애빛나다,제주시 > 한경,# 반려동물 #반려동물동반입장 #혼저옵서개 #반려동물동반_숙소,0,0,0,0
제주애설레다,제주시 > 한경,#반려동물동반입장 #혼저옵서개 #반려동물동반_숙소,0,0,0,0
제주야자원,서귀포시 > 표선,#단체여행객 #주차장 #공공와이파이존 #반려동물보호소 #정원 #글램핑 #독채 #펜션 #반려동물동반입장 #반려동물 #반려동물동반_숙소,0,0,0,0
제주양떼목장,제주시 > 애월,#어린이동물농장 #체험 #카페 #관광지,0,0,31,0
제주엔펜션,서귀포시 > 대정,#펜션 #가족 #해수욕장 #공공와이파이존 #자연경관,0,0,0,0
제주영숙,서귀포시 > 남원,#고향민박 #해수욕장 #수상레저 #공공와이파이존 #해변,0,0,0,0
제주올레돔,서귀포시 > 성산,#역사유적 #해변 #휴양펜션 #펜션 #독채 #수영장 #주차장 #공공와이파이존 #매점 #무장애관광,0,0,2,0
제주올레하우스팬션,제주시 > 구좌,#가족 #단체여행객 #수영장 #공공와이파이존,0,0,0,0
제주와싱톤,서귀포시 > 성산,#반려동물동반입장 #혼저옵서개 #반려동물동반_숙소,0,0,0,0
제주와요펜션,제주시 > 조천,#펜션 #독채 #해수욕장 #올레길 #바비큐 #정원,0,0,1,0
제주우리집펜션,제주시 > 한경,#안전인증민박 #민박 #농어촌민박 #공공와이파이존 #조식 포함 #갯벌체험학습장 #해변 #해수욕장 #수상레저 #문화관광,0,0,0,0
제주유스호스텔,제주시 > 애월,#맑음 #사계절 #중/장년 #노년 #청년 #휴식/치유 #숙소 #주차장 #무장애관광,0,0,1,0
제주의시간은느리다,제주시 > 구좌,#조식 #주차장 #돌담길 #카페 #게스트하우스,0,0,2,0
제주잔잔,서귀포시 > 서귀포시내,#조식 #주차장 #공공와이파이존,0,0,5,0
제주캠핑올레,서귀포시 > 표선,#반려동물보호소 #패키지관광 #캠핑장 #반려동물동반입장 #반려동물 #반려동물동반_숙소,0,0,1,0
제주코기네,제주시 > 조천,#공공와이파이존 #반려동물보호소 #독채 #민박 #돌담길 #돌집 #수영장 #반려동물동반입장 #반려동물 #반려동물동반_숙소,0,0,0,0
제주토비스콘도,제주시 > 애월,#한담 #공공와이파이존 #주차장 #일몰명소,0,0,1,0
제주통나무휴양펜션,서귀포시 > 표선,#민박 #통나무집민박 #바비큐 #독채 #해수욕장,0,2,0,0
제주파도소리,제주시 > 구좌,#휴양펜션 #바비큐 #해수욕장 #해변 #공공와이파이존,0,0,1,0
제주파인비치펜션,서귀포시 > 남원,#수영장 #가족 #해변 #바비큐 #어린이 #공공와이파이존 #온돌방,0,0,0,0
제주파크랜드,제주시 > 애월,#펜션 #휴양펜션 #리조트 #휴양콘도 #주차장 #통나무집민박 #골프 #체험 #공공와이파이존,0,0,0,0
제주팔레스호텔,제주시 > 제주시내,#엘리베이터 #자연경관 #해변 #산책로 #관광호텔 #무장애관광,0,0,0,0
제주팡숑예래,서귀포시 > 서귀포시내,#주차장 #펜션 #바비큐 #자연경관 #해변,0,0,2,0
제주펄관광호텔,제주시 > 제주시내,#교통 #양식레스토랑 #주차장 #관광호텔,0,1,0,0
제주펜션오다,제주시 > 제주시내,#자연경관 #해변 #공항 #해수욕장 #공공와이파이존 #체험 #가족 #단체여행객 #해안도로 #어린이놀이터 #무장애관광,0,2,3,0
제주펜션향림원,서귀포시 > 서귀포시내,#펜션 #바비큐 #해수욕장 #공공와이파이존,0,0,0,0
제주포시즌호텔,제주시 > 제주시내,#공항 #주차장 #공공와이파이존,0,1,2,0
제주프렌즈펜션,제주시 > 한경,#조식 포함 #해수욕장 #바비큐 #자연경관 #무장애관광,0,0,0,0
제주필하우스,제주시 > 조천,#바비큐 #해수욕장 #가족 #고향민박,0,0,0,0
제주하나호텔,서귀포시 > 중문,#자연경관 #해변 #조식 #정원 #바비큐 #무장애관광,0,2,3,0
제주항공우주호텔,서귀포시 > 안덕,#공공와이파이존 #주차장 #환전 #자연경관 #관광호텔 #무장애관광,0,0,8,0
제주해조대펜션,제주시 > 한림,#펜션 #주차장 #공공와이파이존 #바비큐 #물품보관서비스 #부대시설 #자연경관 #협재해수욕장,0,1,1,0
제주휴리조트,서귀포시 > 성산,#휴양콘도 #공공와이파이존 #정원 #발렛파킹 #물품보관서비스 #바비큐 #수영장 #양식레스토랑 #무장애관광,0,0,1,0
조은민박,섬 속의 섬 > 추차도,#숙소 #민박 #농어촌민박 #공공와이파이존 #교통,0,0,0,0
조이랜드펜션,제주시 > 애월,#펜션 #독채 #가족 #단체여행객 #온돌방 #바비큐 #교통 #해수욕장 #자연학습장,0,0,7,0
조천댁,제주시 > 조천,#독채 #돌담풍경마을 #노천온천 #바비큐 #힐링쉼터,0,0,1,0
조천스테이,제주시 > 조천,#펜션 #휴양펜션 #힐링 #한옥 #온돌방 #바비큐 #수영장,0,0,1,0
종달스토리,제주시 > 구좌,#온돌방 #공공와이파이존 #게스트하우스,0,0,2,0
중문빌리지,서귀포시 > 서귀포시내,#해수욕장 #휴양펜션 #힐링 #중문관광단지 #가족호텔,0,0,0,0
중문진실캠핑장,서귀포시 > 중문,#바비큐 #주차장 #힐링 #힐링쉼터 #언택트 #무장애관광,0,0,2,0
중문통나무펜션리조트,서귀포시 > 서귀포시내,#펜션 #자연경관 #해변 #바비큐 #공공와이파이존 #독채 #단체여행객 #해수욕장 #가족호텔,0,0,3,0
중문햇빛펜션,서귀포시 > 안덕,#펜션 #중문관광단지 #독채 #정원 #바비큐 #주방기구 #마을산책 #체험,0,0,0,0
중문훼미리리조트,서귀포시 > 서귀포시내,#휴양콘도 #단체여행객 #주차장 #공공와이파이존 #무장애여행 #편의시설 #무장애관광,0,1,1,0
쥬빌리펜션,서귀포시 > 안덕,#주차장 #주방기구 #공공와이파이존 #스파 #바비큐 #독채 #가족 #펜션,0,1,0,0
지삿개풍경,서귀포시 > 서귀포시내,#주차장 #숲 #자연경관 #해변 #단체여행객 #가족,0,0,1,0
지현민박,섬 속의 섬 > 우도,#우도 #해수욕장,0,0,0,0
채우리네펜션,서귀포시 > 서귀포시내,#펜션 #반려동물동반_숙소 #숙소,0,0,0,0
천상의노을,제주시 > 애월,#해수욕장 #바비큐 #공공와이파이존 #해변,0,1,0,0
청재설헌,서귀포시 > 서귀포시내,#힐링 #힐링쉼터 #온돌방 #조식 포함 #농어촌민박 #민박 #휴양펜션 #펜션 #주차장,0,2,1,0
청정고을민박,섬 속의 섬 > 추차도,#상추자도숙소 #추자숙소 #추자도 #숙소 #민박 #농어촌민박 #식당 #단체여행객,0,0,0,0
체이슨호텔 더 스마일,서귀포시 > 서귀포시내,#주차장 #조식 #컨시어지 서비스 #물품보관서비스 #카페 #엘리베이터,0,0,5,0
초록새록,제주시 > 애월,#휴양펜션 #단체여행객 #주차장 #공공와이파이존,0,0,0,0
초록하우스,제주시 > 한림,#펜션 #협재해수욕장 #독채 #바비큐 #조식 포함 #해수욕장,0,0,1,0
초콜릿펜션,제주시 > 제주시내,#펜션 #교통 #공항 #온돌방 #주방기구 #바비큐,0,0,1,0
추사랑민박,섬 속의 섬 > 추차도,#숙소 #민박 #농어촌민박 #자연경관 #해변,0,0,0,0
추자도민박,섬 속의 섬 > 추차도,#추자도 #숙소 #민박 #농어촌민박,0,0,0,0
추자도휴양펜션,섬 속의 섬 > 추차도,#숙소 #휴양펜션 #펜션 #음식 #힐링 #자연경관 #산책로 #정자,0,0,0,0
추자바다25시,섬 속의 섬 > 추차도,#숙소 #주차장 #민박 #낚시,0,0,0,0
추자섬민박,섬 속의 섬 > 추차도,#추자도 #숙소 #민박 #농어촌민박 #공공와이파이존,0,0,0,0
추자피싱랜드,섬 속의 섬 > 추차도,#숙소 #단체여행객 #공공와이파이존 #낚시,0,0,0,0
취다선리조트,서귀포시 > 성산,#요가 #차 #커플 #숙소 #리조트 #어트랙션 #럭셔리트래블인제주,0,1,2,0
카이리조트,제주시 > 한림,#휴양콘도 #주차장 #공공와이파이존 #협재해수욕장 #수영장 #온돌방 #무장애관광,0,1,4,0
캐빈타운,제주시 > 애월,#독채 #통나무집민박 #단체여행객 #바비큐 #가족 #노래방 #공공와이파이존 #자연학습장 #해수욕장 #해변,0,0,0,0
캐슬드한림,제주시 > 한림,#바비큐 #해수욕장 #독채 #농어촌민박 #민박 #고향민박,0,0,0,0
캠파제주,서귀포시 > 서귀포시내,#캠핑장 #카라 #반려동물동반_숙소 #숙소,0,0,3,0
케이관광호텔제주,제주시 > 제주시내,#공공와이파이존 #엘리베이터 #가족호텔 #무장애관광,0,0,0,0
켄싱턴리조트 서귀포,서귀포시 > 서귀포시내,#아이 #휴식 #리조트 #숙소 #공공와이파이존 #수영장 #주차장 #무장애관광,0,0,7,0
코델리아리조트,서귀포시 > 성산,#휴양콘도 #주차장 #공공와이파이존 #어린이놀이방 #무장애여행 #편의시설 #가족호텔 #무장애관광,0,2,14,0
코업시티호텔성산,서귀포시 > 성산,#호텔 #안전여행스탬프,0,0,2,0
코자호텔,서귀포시 > 대정,#스파 #주차장 #자연경관 #해변 #부대시설 #무장애관광,0,0,5,0
코코스펜션,제주시 > 한림,#펜션 #해수욕장 #바비큐 #공공와이파이존 #수영장 #가족 #협재해수욕장,0,0,1,0
코쿤호텔,제주시 > 애월,#호텔 #관광호텔 #안전여행스탬프,0,0,0,0
콤마하우스,서귀포시 > 표선,#주차장 #공공와이파이존 #조식,0,0,1,0
콤포스텔라 별들의들판,제주시 > 한림,#공공와이파이존 #자연경관 #돌담풍경마을 #자전거대여점,0,0,0,0
쿨쿨하우스,서귀포시 > 서귀포시내,#주차장 #공공와이파이존 #정원,0,1,0,0
크리스마스리조트,제주시 > 구좌,# 바비큐장 # 자쿠지 # 반려동물 #반려동물동반입장 #혼저옵서개 #반려동물동반_숙소,0,0,0,0
클럽ES리조트 제주,서귀포시 > 서귀포시내,#리조트 #숙소 #바비큐 #조식 포함 #비즈니스센터 #어린이놀이터 #방목장 #무장애관광,0,1,6,0
클로버비앤비,서귀포시 > 성산,#농어촌민박 #자연경관 #주차장 #공공와이파이존 #조식 #정원,0,0,0,0
킴스캐빈,서귀포시 > 성산,#반려동물보호소 #공공와이파이존 #교통 #민박 #온돌방 #반려동물동반입장 #반려동물 #반려동물동반_숙소,0,1,4,0
킹스통나무,제주시 > 애월,#휴양펜션 #단체여행객 #바비큐 #해수욕장 #독채,0,0,0,0
타미우스골프앤빌리지,제주시 > 애월,#공공와이파이존 #골프 #리조트 #무장애관광,0,0,0,0
탐라누리,서귀포시 > 성산,#휴양펜션 #펜션 #마을관광 #주차장 #힐링쉼터,0,0,0,0
탐탐56,제주시 > 구좌,#휴양펜션 #카페 #고향민박,0,0,2,0
탑팰리스호텔,제주시 > 제주시내,#양식레스토랑 #주차장 #무장애관광,0,0,0,0
태성민박,섬 속의 섬 > 추차도,#숙소 #민박 #농어촌민박 #음식 #계절음식 #주차장,0,0,0,0
태흥리조트,서귀포시 > 남원,#자연경관 #해변 #휴양콘도 #오션뷰호텔,0,0,0,0
태흥여관,섬 속의 섬 > 추차도,#숙소 #주차장 #공공와이파이존,0,0,0,0
탱자탱자게스트하우스,제주시 > 애월,#숙소 #돌담길 #해변 #조식 포함 #음식 #음식축제,0,0,0,0
테디밸리 골프앤리조트,서귀포시 > 안덕,#골프 #주차장 #카페 #가족호텔 #무장애관광,0,0,2,0
테마하우스,제주시 > 제주시내,#민박 #바비큐 #해수욕장 #공항 #온돌방,0,0,0,0
토리코티지카레클린트,제주시 > 애월,#돌담풍경마을 #민박 #휴양펜션 #독채 #대청마루 #주택(주거)지역,0,0,0,0
토마토하우스,서귀포시 > 성산,#공공와이파이존 #해변 #가족 #온돌방 #단체여행객 #바비큐 #독채 #갯벌체험학습장 #물품보관서비스 #주차장 #교통,0,0,0,0
토토하우스,제주시 > 애월,#숙소 #수영장 #바비큐 #체험 #레저/체험 #공공와이파이존,0,0,2,0
투데이제주펜션,서귀포시 > 서귀포시내,#펜션 #서귀포 #중문관광단지 #정원 #가족 #자연경관 #해변 #단체여행객 #바비큐 #공공와이파이존 #해수욕장 #계곡,0,0,1,0
파더하우스,제주시 > 애월,#휴양펜션 #바비큐 #일반숙박 #노래방 #공공와이파이존 #해수욕장,0,0,0,0
파도봐펜션,서귀포시 > 남원,#숙소 #휴양펜션 #온돌방 #바비큐 #체험 #무장애관광,0,0,2,0
파미유스파리조트,서귀포시 > 서귀포시내,#휴양콘도 #서귀포 #수영장 #공공와이파이존 #가족 #정원 #어린이 #어린이놀이방 #가족호텔 #무장애관광,0,0,2,0
파밀리아호텔,서귀포시 > 서귀포시내,#오션뷰호텔 #자연경관 #레저/체험 #조식 #비즈니스센터 #주차장 #무장애관광,0,0,0,0
파인힐호텔,서귀포시 > 서귀포시내,#주차장 #조식 #서귀포 #관광호텔 #무장애관광,0,0,1,0
파크빌리지,제주시 > 애월,#테마공원 #휴양펜션 #공공와이파이존 #노래방 #통나무집민박 #주차장 #바비큐 #수영장 #힐링쉼터 #정원 #가족 #어린이놀이터,0,0,2,0
파크사이드호텔,제주시 > 제주시내,#공항 #단체여행객 #공공와이파이존 #무장애여행 #편의시설 #온돌방 #관광호텔 #무장애관광,0,0,1,0
팔도민박,섬 속의 섬 > 마라도,#농어촌민박 #식당 #음식 #별미음식,0,0,0,0
팜밸리리조트,서귀포시 > 서귀포시내,#펜션 #휴양펜션 #풀빌라 #독채 #바비큐 #스파 #수영장 #공공와이파이존 #가족,0,0,1,0
팜파스 호텔 제주,제주시 > 제주시내,# 해안도로 # 공항근처,0,0,0,0
팜힐펜션,서귀포시 > 서귀포시내,#펜션 #주차장 #휴양콘도 #중문관광단지,0,0,0,0
패밀리아펜션,서귀포시 > 표선,#휴양펜션 #독채 #바비큐 #공공와이파이존,0,0,0,0
펜션 수망가라,서귀포시 > 남원,#휴식/힐링 #사계절 #숙소 #휴양펜션 #펜션 #단체여행객 #안전인증민박,0,0,1,0
펜션 에덴호스텔,제주시 > 제주시내,#펜션 #단체여행객 #힐링쉼터 #자연경관 #산책로,0,0,0,0
펜션연리,서귀포시 > 서귀포시내,#바비큐 #해수욕장 #공공와이파이존 #풀빌라 #단체여행객 #가족 #수영장 #조식 포함 #교통 #체험 #해변,0,0,1,0
펜션해다미,제주시 > 제주시내,#펜션 #공항 #해안도로 #휴양콘도 #카페,0,0,0,0
펜션형민박꿈꾸는숲,서귀포시 > 서귀포시내,#숲 #민박 #농어촌민박 #힐링쉼터 #바비큐 #서귀포,0,0,0,0
펠리스타운,서귀포시 > 성산,#공공와이파이존 #숙소 #일반숙박 #힐링쉼터,0,0,1,0
포비네오두막게스트하우스,제주시 > 구좌,#자연경관 #민박 #고향민박,0,0,2,0
포시즌펜션,서귀포시 > 서귀포시내,#자연경관 #바비큐 #온돌방 #정원,0,0,0,0
포유펜션,서귀포시 > 남원,#바비큐 #체험 #공공와이파이존 #단체여행객 #가족 #해수욕장 #물품보관서비스 #주차장,0,0,0,0
포지타노인제주,서귀포시 > 성산,#휴양펜션 #스파 #공공와이파이존 #해수욕장 #바비큐 #가족,0,0,1,0
폴라리스인제주,제주시 > 애월,#통나무집민박 #가족 #바비큐 #자연경관,0,0,1,0
폴에이리조트,서귀포시 > 서귀포시내,#공공와이파이존 #수영장 #정원 #무장애관광,0,0,3,0
퐁낭하우스제주,제주시 > 한림,#해수욕장 #바비큐 #한옥 #수상레저 #체험 #자연학습원 #자연학습장 #안전인증민박 #농어촌민박,0,0,1,0
푸르미르 펜션,서귀포시 > 성산,#주차장 #공공와이파이존 #힐링쉼터,0,0,1,0
풍차와노을 독채펜션,제주시 > 한경,#펜션 #독채 #바비큐 #단체여행객 #신창풍차해안로 #안전인증민박,0,0,1,0
프라이빗리조트,서귀포시 > 서귀포시내,#공공와이파이존 #스파 #주차장 #바비큐 #물품보관서비스,0,0,0,0
플라마 펜션,제주시 > 한림,#해수욕장 #자연학습장 #공공와이파이존 #바비큐 #단체여행객 #독채,0,0,0,0
플로라펜션,제주시 > 제주시내,#해수욕장 #온돌방 #바비큐 #해변 #자연경관,0,0,0,0
피노호텔,서귀포시 > 서귀포시내,#주차장 #물품보관서비스,0,0,1,0
피디스테이션,제주시 > 구좌,#별채 #안전인증민박 #숙소 #자연경관 #민박 #한식 #조식,0,0,0,0
피우다 게스트하우스,제주시 > 한경,#농어촌민박 #공공와이파이존 #정원,0,0,1,0
하녹펜션,제주시 > 애월,#독채 #한옥 #온돌방 #공공와이파이존 #힐링,0,0,0,0
하늘만큼땅만큼,제주시 > 애월,#바비큐 #체험 #수상레저 #레저/체험,0,0,1,0
하늘오름펜션,제주시 > 구좌,#반려동물동반_숙소,0,0,0,0
하늘을달리다,제주시 > 구좌,#농어촌민박 #주차장 #공공와이파이존,0,1,3,0
하늘정원펜션,서귀포시 > 서귀포시내,#펜션 #올레 #서귀포 #주차장 #바비큐 #공공와이파이존,0,0,1,0
하늘조각휴양펜션,서귀포시 > 안덕,#바비큐 #공공와이파이존 #가족 #온돌방 #정자 #체험 #마을산책 #해변 #해수욕장 #수상레저 #자연경관,0,0,0,0
하늘타리펜션,제주시 > 제주시내,#펜션 #바비큐 #체험 #단체여행객 #가족 #공공와이파이존,0,0,1,0
하니크라운호텔,제주시 > 제주시내,#양식레스토랑 #환전 #주차장 #자연경관 #관광호텔,0,1,1,0
하도하도 3200,제주시 > 구좌,#힐링쉼터 #자연경관 #독채 #바비큐,0,0,0,0
하루앤하루,제주시 > 조천,#독채 #해수욕장 #돌담길 #자연경관 #해변,0,0,2,0
하마다 게스트하우스,서귀포시 > 남원,#온돌방 #공공와이파이존 #조식 포함,0,0,3,0
하바다 통나무집,서귀포시 > 안덕,#펜션 #바비큐 #통나무집민박 #정원 #숙소 #일반숙박,0,0,0,0
하얀도화지,서귀포시 > 서귀포시내,#게스트하우스 #주차장 #공공와이파이존 #독채 #단체여행객 #자연경관 #해변,0,0,0,0
하얀언덕,서귀포시 > 표선,#자연경관 #주차장 #공공와이파이존 #게스트하우스 #휴양콘도 #바비큐 #농어촌민박,0,0,0,0
하와이펜션,제주시 > 제주시내,#바비큐 #힐링 #힐링쉼터 #장애인 주차 #공공와이파이존 #편의시설,0,0,1,0
하이제주호텔,제주시 > 한림,#호텔 #안전여행스탬프 #반려동물 #반려동물동반입장 #혼저옵서개 #반려동물동반_숙소,0,0,0,0
하쿠나마타타게스트하우스,제주시 > 애월,#조식 포함 #자연경관 #힐링쉼터 #힐링,0,0,1,0
한담풍경하우스,제주시 > 애월,#자연경관 #해변 #가족,0,0,3,0
한라앤탐 펜션,서귀포시 > 남원,#독채 #단체여행객 #주차장 #식당 #올레 #레저/체험,0,0,0,0
한라하이츠펜션,서귀포시 > 서귀포시내,#펜션 #독채 #단체여행객 #바비큐 #온돌방 #수영장 #공공와이파이존 #자연경관,0,0,0,0
한모살,제주시 > 구좌,#단체여행객 #온돌방 #독채 #해수욕장 #공공와이파이존 #체험,0,0,1,0
함덕삼다펜션,제주시 > 조천,#휴양펜션 #민박 #숙소 #일반숙박 #주차장 #부대시설 #식당,0,1,0,0
핫플게스트하우스,서귀포시 > 성산,#조식 포함 #교통 #공공와이파이존 #해수욕장 #수상레저 #온돌방 #체험 #독채,0,0,0,0
해녀신춘자할망 민박,서귀포시 > 성산,#농어촌민박 #고향민박 #주차장 #올레길,0,2,1,0
해담은스파빌,서귀포시 > 안덕,#펜션 #휴양펜션 #바비큐 #수영장 #공공와이파이존 #자연경관,0,0,0,0
해돋는마을,서귀포시 > 성산,#펜션 #온돌방 #해변 #가족 #자연경관 #휴양콘도 #민박,0,0,0,0
해뜨는집,서귀포시 > 성산,#휴양펜션 #자연경관 #주차장 #힐링,0,0,2,0
해뜨는집 (남원),서귀포시 > 남원,#독채 #자연경관 #정원,0,0,1,0
해마관광호텔,제주시 > 제주시내,#조식 #주차장 #양식레스토랑 #관광호텔 #안전여행스탬프 #무장애관광,0,0,0,0
해마지펜션,서귀포시 > 성산,#체험 #독채 #자연경관 #산책로 #올레길 #승마체험 #바비큐,0,0,0,0
해변여행,제주시 > 애월,#민박 #농어촌민박 #고향민박 #힐링 #식당 #바비큐 #카페 #낚시 #자연경관,0,0,0,0
해변의집,제주시 > 제주시내,#휴양펜션 #주차장 #해안도로 #해수욕장 #체험 #바비큐 #찜질방,0,0,0,0
해비치 바람의집 펜션&카페,서귀포시 > 표선,#펜션 #올레 #카페 #주차장 #온돌방 #자연경관,0,0,1,0
해성펜션,서귀포시 > 중문,#휴양펜션 #휴양콘도 #민박 #해수욕장 #바비큐 #주차장,0,0,0,0
해아래펜션,제주시 > 애월,#민박 #해안도로 #바비큐 #해수욕장,0,0,0,0
해안풍경펜션,제주시 > 제주시내,#펜션 #자연경관 #해변 #해수욕장 #가족 #바비큐 #공공와이파이존 #해안도로,0,0,0,0
해오름민박,섬 속의 섬 > 우도,#우도 #고향민박 #자연경관 #해변 #해수욕장,0,0,0,0
해일월,제주시 > 구좌,#돌담길 #자연경관 #일몰명소 #해수욕장,0,0,6,0
해피데이,제주시 > 한림,#휴양펜션 #바비큐 #해수욕장 #온돌방 #가족 #해변 #자연경관 #협재해수욕장 #해안도로,0,0,1,0
해피데이 민박,제주시 > 한림,#농어촌민박 #펜션 #휴양펜션 #협재해수욕장 #온돌방 #가족 #바비큐,0,0,0,0
해피펜션,제주시 > 제주시내,#휴양펜션 #주차장 #포장판매 #공공와이파이존 #독채 #스파 #단체여행객 #온돌방 #가족 #풀빌라 #해수욕장 #바비큐 #해변 #제주시권,0,0,1,0
해호텔,제주시 > 제주시내,#엘리베이터 #물품보관서비스 #해안도로 #공항 #관광호텔,0,0,0,0
핸즈인제주,제주시 > 구좌,#공공와이파이존 #조식 포함,0,0,2,0
허브인휴양펜션,제주시 > 한림,#주차장 #공공와이파이존 #수영장 #해안도로 #바비큐 #노래방 #무장애관광,0,0,2,0
허브펜션 오즈,서귀포시 > 표선,#해변 #교통 #바비큐 #공공와이파이존 #해수욕장 #카페 #자전거대여점 #무장애관광,0,0,1,0
헌치 게스트하우스,제주시 > 구좌,#숙소 #카페 #온돌방 #바비큐 #공공와이파이존 #해수욕장 #체험 #무장애관광,0,2,1,0
헤세드하우스,서귀포시 > 표선,#호텔 #안전여행스탬프,0,0,0,0
호도하우스,서귀포시 > 서귀포시내,#바비큐 #공공와이파이존 #해수욕장,0,0,0,0
호텔 더블유 신제주점(hotel W),제주시 > 제주시내,#편의시설 #부대시설 #주차장,0,1,0,0
호텔 샬롬제주,제주시 > 제주시내,#주차장 #환전 #비즈니스센터,0,0,4,0
호텔 스카브로,서귀포시 > 안덕,#수영장 #주차장 #오션뷰호텔 #관광호텔 #안전여행스탬프 #무장애관광,0,1,3,0
호텔 앨리스앤트렁크,제주시 > 제주시내,#호텔 #공공와이파이존 #비즈니스센터 #수영장 #무장애관광,0,0,0,0
호텔 캘리포니아 제주,서귀포시 > 서귀포시내,#호텔 #관광호텔 #안전여행스탬프,0,0,0,0
호텔 화인 제주,서귀포시 > 서귀포시내,#4성급호텔 #양식레스토랑 #비즈니스센터 #관광호텔 #무장애관광,0,4,6,0
호텔더블유 탑동점,제주시 > 제주시내,#공항 #편의시설 #해변 #자연경관 #힐링 #무장애관광,0,0,0,0
호텔더원,제주시 > 제주시내,#공공와이파이존 #주차장 #엘리베이터 #비즈니스센터 #관광호텔 #무장애관광,0,1,1,0
호텔서귀피안,서귀포시 > 서귀포시내,#커플 #아이 #휴식/힐링 #숙소 #호텔 #공공와이파이존 #양식레스토랑 #비즈니스센터 #무장애관광,0,0,0,0
호텔아로하,서귀포시 > 성산,#힐링쉼터 #오션뷰호텔 #공공와이파이존 #어린이 #물품보관서비스 #식당 #무장애관광,0,0,4,0
호텔엘린,제주시 > 제주시내,#주차장 #공항 #우수관광사업체 #무장애관광,0,0,2,0
호텔제이엠,제주시 > 제주시내,#주차장 #공공와이파이존 #무장애여행 #편의시설 #무장애관광,0,2,2,0
호텔컬리넌제주,제주시 > 제주시내,#공항 #발렛파킹 #카페 #관광호텔 #안전여행스탬프 #무장애관광,0,1,4,0
혼디,제주시 > 애월,#힐링 #돌담풍경마을 #바비큐 #공공와이파이존 #조식 포함 #온돌방 #안전인증민박,0,2,3,0
환상의민박,섬 속의 섬 > 마라도,#민박 #농어촌민박 #선착장 #힐링쉼터,0,0,0,0
황재여관,섬 속의 섬 > 추차도,#숙소 #포장판매 #여관,0,0,0,0
훼밀리민박,서귀포시 > 안덕,#농어촌민박 #펜션 #휴양펜션 #자연경관 #해변 #공공와이파이존 #해수욕장 #가족,0,1,0,0
휴마루리조트,서귀포시 > 서귀포시내,#휴양콘도 #공공와이파이존 #자연경관 #수영장 #환전,0,1,1,0
힐링캠프펜션,서귀포시 > 남원,#캠핑 #독채 #온돌방 #바비큐 #단체여행객 #공공와이파이존 #언택트,0,0,0,0
