tour_place,tour_place_theme,tour_place_tag,tour_place_score,like,zzim,review
성산일출봉(UNESCO 세계자연유산),서귀포시 > 성산,#부모 #자연경관 #포토스팟 #유네스코 #무장애관광 #공영관광지,5,364,"4,456",611
우도(해양도립공원),섬 속의 섬 > 우도,#맑음 #자연경관 #포토스팟 #어린이 #봄꽃 #유채꽃 #유네스코 #무장애관광 #공영관광지,5,230,"2,762",596
사려니숲길,제주시 > 조천,#커플 #흐림 #봄 #자연경관 #도보여행 #도보 #숲 #단풍 #공영관광지,5,250,"3,612",509
카멜리아힐,서귀포시 > 안덕,#맑음 #겨울 #힐링 #자연경관 #포토스팟 #어린이 #어트랙션 #동백 #수국 #무장애관광 #반려동물 #반려동물동반입장 #혼저옵서개 #반려동물동반_관광지,5,195,"3,617",487
협재해수욕장,제주시 > 한림,#아이 #맑음 #여름 #자연경관 #체험 #레저/체험 #해변 #물놀이 #어린이 #수상레저 #반려동물 #반려동물동반입장 #혼저옵서개 #반려동물동반_해변 #반려동물동반_자연 #반려동물동반_관광지,5,191,"3,147",462
함덕해수욕장,제주시 > 조천,#맑음 #여름 #자연경관 #체험 #레저/체험 #해변 #물놀이 #어린이 #수상레저 #반려동물 #반려동물동반입장 #반려동물동반_해변 #반려동물동반_자연 #무장애관광 #반려동물동반_관광지 #2022_마을산책_봄 #Moment_봄,5,62,"1,817",444
월정리해변,제주시 > 구좌,#여름 #자연경관 #포토스팟 # 해수욕장,5,116,"2,754",443
산굼부리,제주시 > 조천,#맑음 #가을 #우수관광사업체 #자연경관 #억새 #무장애관광,5,56,"1,428",362
새별오름,제주시 > 애월,#걷기/등산 #아이 #봄 #자연경관 #도보여행 #도보 #어린이 #억새 #반려동물 #반려동물동반입장 #반려동물동반_오름 #반려동물동반_자연 #반려동물동반_관광지,5,68,"1,414",361
섭지코지,서귀포시 > 성산,#커플 #맑음 #가을 #자연경관 #포토스팟 #봄꽃 #유채꽃 #반려동물 #반려동물동반입장 #반려동물동반_관광지 #무장애관광 #공영관광지,5,131,"3,516",347
오설록티뮤지엄,서귀포시 > 안덕,#부모 #아이 #혼자 #맑음 #휴식/힐링 #녹차 #실내관광지 #어트랙션 #반려동물 #반려동물동반입장 #반려동물동반_관광지 #무장애관광,5,102,"2,843",321
한라산국립공원,제주시 > 제주시내,#친구 #사계절 #자연경관 #포토스팟 #한라산 #언택트 #단풍 #유네스코,5,104,"1,196",321
제주4.3평화공원,제주시 > 제주시내,#혼자 #친구 #아이 #맑음 #흐림 #미술/박물관 #실내 #실내관광지 #어트랙션 #봄꽃 #벚꽃 #무장애관광,5,56,339,271
에코랜드 테마파크,제주시 > 조천,#봄 #가을 #겨울 #실내관광지 #어린이 #어트랙션 #무장애관광 #우수관광사업체,5,70,"2,085",254
용눈이오름,제주시 > 구좌,#걷기/등산 #친구 #가을 #자연경관 #도보여행 #도보,5,27,808,241
비자림,제주시 > 구좌,#여름 #힐링 #자연경관 #어린이 #수국 #무장애관광,5,89,"2,396",219
천지연폭포,서귀포시 > 서귀포시내,#부모 #맑음 #여름 #자연경관 #포토스팟 #유네스코 #무장애관광 #공영관광지,5,93,"2,646",210
광치기해변,서귀포시 > 성산,#흐림 #봄 #자연경관 #포토스팟 #봄꽃 #유채꽃 #반려동물 #반려동물동반입장 #반려동물동반_해변 #반려동물동반_자연 #무장애관광 #반려동물동반_관광지,5,37,"1,179",192
김녕해수욕장,제주시 > 구좌,#맑음 #여름 #자연경관 #체험 #레저/체험 #해변 #물놀이 #어린이 #수상레저 #반려동물 #반려동물동반입장 #반려동물동반_오름 #반려동물동반_자연 #반려동물동반_관광지,5,23,"1,014",190
우도산호해변 홍조단괴 서빈백사,섬 속의 섬 > 우도,#커플 #맑음 #여름 #자연경관 #포토스팟,5,19,541,189
세화해변,제주시 > 구좌,#맑음 #여름 #자연경관,5,34,"1,301",188
아쿠아플라넷 제주,서귀포시 > 성산,#비.눈 #사계절 #우수관광사업체 #실내관광지 #어린이 #어트랙션 #어린이동물농장 #안전여행스탬프 #무장애관광,5,55,"1,920",171
송악산,서귀포시 > 대정,#해변 #걷기/등산 #친구 #커플 #맑음 #가을 #자연경관 #수국 #무장애관광 #공영관광지,5,26,714,166
쇠소깍,서귀포시 > 서귀포시내,#커플 #맑음 #여름 #자연경관 #체험 #레저/체험 #수상레저 #어트랙션 #물놀이,4,76,"2,387",146
금능해수욕장,제주시 > 한림,#아이 #맑음 #여름 #자연경관 #체험 #레저/체험 #해변 #물놀이 #어린이 #수상레저 #반려동물 #반려동물동반입장 #혼저옵서개 #반려동물동반_관광지,5,24,681,143
마라도(마라해양도립공원),서귀포시 > 대정,#아이 #맑음 #가을 #자연경관 #어린이 #공영관광지,5,23,545,139
애월해안도로,제주시 > 애월,#커플 #맑음 #여름 #자연경관,5,60,"1,786",137
용머리해안,서귀포시 > 안덕,#커플 #맑음 #봄 #자연경관 #유네스코 #무장애관광,5,37,"1,455",135
곽지해수욕장,제주시 > 애월,#아이 #맑음 #여름 #자연경관 #체험 #레저/체험 #해변 #물놀이 #어린이 #수상레저 #반려동물 #반려동물동반입장 #혼저옵서개 #반려동물동반_관광지,5,30,618,134
한라산영실코스,서귀포시 > 서귀포시내,#친구 #경관/포토 #오름 #사계절 #자연경관 #체험 #포토스팟 #한라산 #언택트 #어트랙션 #단풍,5,33,573,129
정방폭포,서귀포시 > 서귀포시내,#여름 #자연경관 #포토스팟 #공영관광지,5,34,"1,524",127
제주절물자연휴양림,제주시 > 제주시내,#친구 #커플 #흐림 #여름 #자연경관 #수국 #무장애관광 #2023_관광10선_봄 #Moment_봄 #공영관광지,5,58,"1,222",124
용두암,제주시 > 제주시내,#경관/포토 #맑음 #자연경관 #포토스팟 #무장애관광,5,41,"1,314",123
산방산,서귀포시 > 안덕,#맑음 #가을 #자연경관 #봄꽃 #유채꽃 #유네스코 #무장애관광 #공영관광지,5,19,846,119
다랑쉬오름(월랑봉),제주시 > 구좌,#걷기/등산 #친구 #가을 #힐링 #자연경관 #도보여행 #도보 #억새,5,12,321,109
한림공원,제주시 > 한림,#맑음 #봄 #우수관광사업체 #동굴 #어린이 #매화 #수국 #안전여행스탬프 #무장애관광 #반려동물동반입장 #반려동물 #반려동물동반_관광지,5,41,"1,227",103
"더럭초등학교(구, 더럭분교)",제주시 > 애월,#맑음 #봄 #포토스팟 #어린이 #봄꽃 #벚꽃 #무장애관광,5,19,461,101
외돌개,서귀포시 > 서귀포시내,#휴식/힐링 #맑음 #가을 #자연경관 #포토스팟 #공영관광지,5,25,698,100
천제연폭포,서귀포시 > 중문,#아이 #맑음 #여름 #포토스팟 #어린이 #봄꽃 #벚꽃 #무장애관광 #공영관광지,5,46,"1,474",95
방주교회,서귀포시 > 안덕,#아이 #맑음 #사계절 #문화관광 #어린이 #어트랙션 #무장애관광,5,17,605,88
중문색달해수욕장,서귀포시 > 중문,#맑음 #여름 #자연경관 #체험 #레저/체험 #해변 #물놀이 #수상레저 #반려동물 #반려동물동반입장 #반려동물동반_해변 #반려동물동반_자연 #반려동물동반_관광지,5,6,342,88
가파도,섬 속의 섬 > 가파도,#친구 #커플 #맑음 #봄 #자연경관 #포토스팟 #언택트,5,14,309,87
이호테우말등대,제주시 > 제주시내,#커플 #맑음 #가을 #포토스팟,5,58,"1,487",86
성이시돌목장,제주시 > 한림,#우유 #자연경관 #포토스팟 #반려동물 #반려동물동반입장 #웨딩촬영명소 #반려동물동반_관광지,5,10,381,83
비양도,섬 속의 섬 > 비양도,#아이 #맑음 #여름 #자연경관 #어린이 #언택트 #유네스코,5,12,206,80
신창~차귀해안도로,제주시 > 한경,#맑음 #가을 #자연경관 #무장애관광,5,25,721,80
제주김녕미로공원,제주시 > 구좌,#봄 #우수관광사업체 #자연경관 #어린이 #무장애관광,5,47,994,79
휴애리 자연생활공원,서귀포시 > 남원,#봄 #우수관광사업체 #자연경관 #어린이 #동백 #매화 #수국 #안전여행스탬프 #반려동물 #반려동물동반입장 #테마공원 #반려동물동반_관광지 #무장애관광,5,37,"1,363",79
주상절리대(중문대포해안),서귀포시 > 중문,#커플 #맑음 #자연경관 #포토스팟 #유네스코 #무장애관광 #공영관광지,4,64,"2,193",78
검멀레해변,섬 속의 섬 > 우도,#맑음 #여름 #자연경관 #포토스팟 #k-drama,5,21,457,70
애월한담해안산책로,제주시 > 애월,#맑음 #유채꽃 #자연경관 #봄꽃 #반려동물 #반려동물동반입장 #반려동물동반_산책로 #반려동물동반_자연 #반려동물동반_관광지,5,56,"1,597",66
만장굴,제주시 > 구좌,#흐림 #여름 #자연경관 #포토스팟 #어린이 #유네스코,4,69,"1,969",62
황우지해안,서귀포시 > 서귀포시내,#친구 #커플 #맑음 #여름 #자연경관 #체험 #레저/체험 #포토스팟 #수상레저 #어트랙션,5,31,"1,252",61
리치망고,제주시 > 애월,#망고코코넛쿠키 #카페 #망고 #음식 #망고스무디 #망고에이드 #망고주스 #무장애관광 #반려동물 #반려동물동반입장 #혼저옵서개 #반려동물동반_식당카페,4,35,579,59
백약이오름,서귀포시 > 표선,#친구 #커플 #겨울 #자연경관 #도보여행 #도보,5,5,329,59
노리매공원,서귀포시 > 대정,#맑음 #봄 #자연경관 #포토스팟 #매화 #반려동물 #반려동물동반입장 #반려동물동반_관광지,5,2,302,58
보롬왓,서귀포시 > 표선,#커플 #맑음 #봄 #여름 #가을 #자연경관 #포토스팟 #수국 #반려동물 #반려동물동반입장 #반려동물동반_관광지,5,28,"1,066",57
관덕정,제주시 > 제주시내,#혼자 #친구 #아이 #사계절 #4.3 #실내관광지 #제주4.3 #역사유적 #어린이 #어트랙션,5,15,156,56
새연교,서귀포시 > 서귀포시내,#맑음 #포토스팟 #무장애관광,5,16,525,56
표선해수욕장,서귀포시 > 표선,#맑음 #여름 #자연경관 #체험 #레저/체험 #해변 #물놀이 #수상레저 #반려동물 #반려동물동반입장 #반려동물동반_해변 #반려동물동반_자연 #무장애관광 #반려동물동반_관광지,5,2,218,55
메이즈랜드,제주시 > 구좌,#미술/박물관 #경관/포토 #전시와 행사 #우수관광사업체 #실내관광지 #포토스팟 #어린이 #어트랙션 #무장애관광 # 반려동물동반입장 #혼저옵서개 #반려동물동반_관광지,5,19,985,54
윗세오름(웃세오름),제주시 > 애월,#자연경관 #도보여행 #도보 #한라산 #언택트,5,4,152,53
제주국제공항,제주시 > 제주시내,#어트랙션 #무장애관광,4,15,562,53
제주동백수목원,서귀포시 > 남원,#제주동백수목원 #자연경관 #동백 #포토스팟,5,32,800,53
김영갑갤러리 두모악,서귀포시 > 성산,#커플 #흐림 #겨울 #문화관광 #어트랙션 #무장애관광,5,10,154,52
따라비오름,서귀포시 > 표선,#친구 #가을 #자연경관 #도보여행 #도보 #억새 #반려동물 #반려동물동반입장 #반려동물동반_오름 #반려동물동반_자연 #반려동물동반_관광지,5,7,265,52
백록담,서귀포시 > 서귀포시내,#경관/포토 #맑음 #사계절 #등산 #자연경관 #포토스팟 #한라산 #언택트,5,21,306,52
중문관광단지,서귀포시 > 중문,#체험관광 #쇼핑 #어린이 #어트랙션,4,10,471,52
하고수동해변,섬 속의 섬 > 우도,#커플 #맑음 #여름 #자연경관,5,5,152,51
제주돌문화공원,제주시 > 조천,#겨울 #실내관광지 #어트랙션 #무장애관광 #공영관광지,5,16,431,50
삼양해수욕장,제주시 > 제주시내,#커플 #맑음 #여름 #자연경관 #체험 #레저/체험 #해변 #물놀이 #반려동물 #반려동물동반입장 #반려동물동반_해변 #반려동물동반_자연 #무장애관광 #반려동물동반_관광지,4,3,118,49
아침미소목장,제주시 > 제주시내,#봄 #체험 #어린이 #어트랙션 #반려동물 #반려동물동반입장 #사진명소 #테마공원 #포토존 #반려동물동반_관광지,5,40,908,49
선녀와나무꾼,제주시 > 조천,#아이 #흐림 #사계절 #실내관광지 #어린이 #어트랙션 #무장애관광 #우수관광사업체,5,43,585,48
마방목지,제주시 > 제주시내,#맑음 #봄 #자연경관 #역사유적 #포토스팟 #어린이 #무장애관광,5,21,423,46
아끈다랑쉬,제주시 > 구좌,#자연경관 #단풍 #억새,5,0,144,46
함덕백사장 & 서우봉,제주시 > 조천,#친구 #아이 #맑음 #여름 #해변 #문화유적지 #오름 #자연경관 #역사유적 #어린이 #봄꽃 #유채꽃,5,6,148,46
용담/용두암 해안도로,제주시 > 제주시내,#커플 #맑음 #가을 #자연경관,5,15,381,45
차귀도,섬 속의 섬 > 차귀도,#일몰 #차귀도 #수월봉 #자연경관 #역사유적 #언택트 #단풍,5,8,177,45
쇠소깍해변,서귀포시 > 서귀포시내,#맑음 #여름 #자연경관 #포토스팟,4,13,424,44
이중섭거리,서귀포시 > 서귀포시내,#맑음 #가을,5,28,772,44
여미지식물원,서귀포시 > 중문,#커플 #맑음 #겨울 #실내관광지 #어트랙션 #우수관광사업체 #반려동물 #반려동물동반입장 #반려동물동반_관광지 #무장애관광,5,11,628,43
월령선인장군락지,제주시 > 한림,#여름 #포토스팟 #반려동물 #반려동물동반입장 #반려동물동반_관광지,5,9,378,42
아부오름,제주시 > 구좌,#오름 #가을 #봄 #자연경관 #도보여행 #도보 #반려동물 #반려동물동반입장 #반려동물동반_오름 #반려동물동반_자연 #반려동물동반_관광지,5,10,300,41
우도 비양도,섬 속의 섬 > 우도,#맑음 #봄 #자연경관 #포토스팟 #어린이 #언택트 #k-drama,4,4,141,41
너븐숭이 4.3기념관,제주시 > 조천,#부모 #비.눈 #봄 #자연경관 #문화관광 #제주4.3 #역사유적 #어트랙션 #무장애관광 #2022_마을산책_봄 #Moment_봄,5,11,95,40
거문오름(UNESCO 세계자연유산),제주시 > 조천,#친구 #맑음 #오름 #세계자연유산 #자연경관 #도보여행 #도보 #언택트 #유네스코,4,34,744,39
제주민속촌,서귀포시 > 표선,#가을 #우수관광사업체 #역사유적 #안전여행스탬프 #무장애관광 #반려동물 #반려동물동반입장 #혼저옵서개 #반려동물동반_관광지,5,10,756,39
제주유리의성,제주시 > 한경,#가을 #우수관광사업체 #실내관광지 #어트랙션 #안전여행스탬프 #무장애관광,5,14,530,39
녹산로유채꽃길,서귀포시 > 표선,#맑음 #봄 #봄꽃 #자연경관 #도보여행 #도보 #포토스팟 #유채꽃 #벚꽃 #제주명품42 #제주7대도로 #2023_관광10선_봄 #Moment_봄,5,15,560,38
소인국테마파크,서귀포시 > 안덕,#실내관광지 #어린이 #어트랙션 #반려동물 #반려동물동반입장 #반려동물동반_관광지 #무장애관광 #우수관광사업체,5,18,770,38
오라동 청보리-메밀꽃밭,제주시 > 제주시내,#맑음 #봄 #가을 #자연경관 #포토스팟 #어트랙션,5,26,654,37
렛츠런팜제주,제주시 > 조천,#어린이 #해바라기 #무장애관광,5,7,264,36
하도해변,제주시 > 구좌,#맑음 #여름 #자연경관 #체험 #레저/체험 #해변 #물놀이 #수상레저,5,4,121,36
수월봉 지질트레일,제주시 > 한경,#맑음 #가을 #자연경관 #언택트 #유네스코 #무장애관광,4,15,394,35
항파두리항몽유적지,제주시 > 애월,#봄 #가을 #문화관광 #역사유적 #봄꽃 #유채꽃 #수국 #해바라기 #양귀비 #무장애관광 #공영관광지,5,5,148,35
헬로키티아일랜드,서귀포시 > 안덕,#비.눈 #겨울 #우수관광사업체 #실내관광지 #어린이 #어트랙션 #무장애관광,4,19,606,35
본태박물관,서귀포시 > 안덕,#친구 #커플 #흐림 #겨울 #우수관광사업체 #실내관광지 #문화관광 #박물관 #어트랙션 #무장애관광,5,6,335,34
제주러브랜드,제주시 > 제주시내,#밤 #실내관광지 #어트랙션 #무장애관광,4,23,413,34
한담해변,제주시 > 애월,#맑음 #여름 #자연경관 #포토스팟 #봄꽃 #유채꽃,5,14,458,34
안덕계곡,서귀포시 > 안덕,#흐림 #봄 #자연경관 #체험 #레저/체험 #어트랙션 #물놀이 #공영관광지,5,14,243,33
제주조천스위스마을,제주시 > 조천,#여자 #남자 #커플 #휴식 #비/바람/눈 #안개/흐림 #맑음 #여름 #마을산책 #마을관광 #어트랙션 #무장애관광,5,29,786,33
박물관은 살아있다,서귀포시 > 중문,#비.눈 #겨울 #사계절 #실내관광지 #문화관광 #박물관 #어트랙션 #무장애관광 #우수관광사업체,5,24,675,32
용연,제주시 > 제주시내,#여름 #자연경관 #무장애관광 #공영관광지,5,13,453,32
제주레일바이크,제주시 > 구좌,#액티비티 #가을 #체험 #레저/체험 #포토스팟 #어트랙션 #반려동물 #반려동물동반입장 #반려동물동반_관광지 #무장애관광 #우수관광사업체,5,26,903,32
"군산(군산오름,코메오름)",서귀포시 > 안덕,#걷기/등산 #친구 #맑음 #가을 #자연경관 #도보여행 #도보,5,3,115,31
서우봉,제주시 > 조천,#유채꽃 #오름 #코스모스 #자연경관 #봄꽃 #반려동물 #반려동물동반입장 #반려동물동반_오름 #반려동물동반_자연 #반려동물동반_관광지 #2022_마을산책_봄 #Moment_봄,5,10,269,31
성읍민속마을,서귀포시 > 표선,#봄 #자연경관 #역사유적 #마을산책 #마을관광 #어린이 #제주명품42 #제주7대건축물 #사적지 #문화재 #문화관광 #무장애관광 #공영관광지,5,17,422,31
한라산어리목코스,제주시 > 애월,#커플 #흐림 #봄 #자연경관 #체험 #한라산 #언택트 #어트랙션 #단풍,5,4,114,31
마노르블랑,서귀포시 > 안덕,#애프터눈티 #음식 #아메리카노 #바닐라라떼 #카페라떼 #녹차라떼 #돌체라떼 #딸기라떼 #디저트 #빵 #에이드 #주스 #과일주스 #2022고메페스타 #반려동물 #반려동물동반입장 #반려동물동반_식당카페 #카라멜마끼아또 #카페모카 #초코라떼 #아이스티 #복숭아아이스티 #차 #오미자차 #허브티 #스무디 #블루베리스무디 #망고스무디 #딸기스무디 #오미자에이드,5,16,191,30
김경숙해바라기농장,제주시 > 제주시내,#부모 #혼자 #경관/포토 #여름 #맑음 #자연경관 #포토스팟 #어린이 #어트랙션 #해바라기,5,19,529,29
남원큰엉해변,서귀포시 > 남원,#여름 #자연경관 #포토스팟 #공영관광지,5,6,195,29
선운정사,제주시 > 애월,#부모 #흐림 #여름 #문화관광 #포토스팟 #무장애관광,5,3,297,29
세계자동차 & 피아노박물관,서귀포시 > 안덕,#비.눈 #사계절 #우수관광사업체 #실내관광지 #문화관광 #박물관 #어트랙션 #안전여행스탬프 #무장애관광,5,4,428,29
우도등대,섬 속의 섬 > 우도,#맑음 #봄 #포토스팟,5,4,213,29
환상숲 곶자왈공원,제주시 > 한경,#치유 #걷기/등산 #커플 #자연경관 #곶자왈 #안전여행스탬프,4,28,610,29
소금빵까페 키친오즈,제주시 > 한림,#애견동반 #핑크뮬리 #음식 #피자 #크림파스타 #빵 #디저트 #아메리카노 #반려동물동반입장 #반려동물 #반려동물동반_식당카페 #새우로제파스타 #베이글 #에스프레소 #카라멜라떼 #카페라떼 #카페모카 #초코라떼 #바닐라라떼 #라떼 #에이드 #차 #카모마일 #페퍼민트 #루이보스 #얼그레이 #감바스 #알리오올리오파스타 #마르게리따피자 #라자냐 #와인 #술,5,3,73,28
섯알오름,서귀포시 > 대정,#친구 #아이 #오름 #4.3 #자연경관 #제주4.3 #역사유적 #도보여행 #도보 #어린이,5,8,34,27
감귤박물관,서귀포시 > 서귀포시내,#비.눈 #겨울 #실내관광지 #문화관광 #박물관 #어트랙션 #무장애관광 #공영관광지,4,9,262,26
애월더선셋,제주시 > 애월,#음식 #토스트 #아메리카노 #에이드 #과일주스 #카페라떼 #카푸치노 #에스프레소콘파냐 #카라멜마끼아또 #바닐라라떼 #아인슈페너 #토피넛라떼 #라떼 #차 #밀크티 #말차라떼 #딸기라떼 #초코라떼 #생과일주스 #자몽에이드 #요거트스무디 #블루베리요거트스무디 #망고스무디 #스무디 #프라페 #오므라이스 #떡갈비 #반려동물 #반려동물동반입장 #혼저옵서개 #반려동물동반_식당카페,5,10,185,26
제주특별자치도 도립미술관,제주시 > 제주시내,#사계절 #커플 #혼자 #실내관광지 #미술관 #문화관광 #어트랙션 #무장애관광,5,21,289,26
김녕 지질트레일,제주시 > 제주시내,#커플 #맑음 #가을 #겨울 #자연경관 #체험 #언택트 #유네스코 #어트랙션,4,5,208,25
도두봉,제주시 > 제주시내,#휴식/힐링 #부모 #혼자 #커플 #친구 #아이 #자연경관 #어린이 #반려동물 #반려동물동반입장 #반려동물동반_오름 #반려동물동반_자연 #반려동물동반_관광지,5,7,208,25
아날로그감귤밭,제주시 > 제주시내,#체험관광 #맑음 #겨울 #체험 #어린이 #어트랙션 #2022고메페스타,4,18,514,25
제주허브동산,서귀포시 > 표선,#맑음 #우정스냅 #동백 #수국 #반려동물 #반려동물동반입장 #반려동물동반_관광지 #무장애관광,5,13,619,25
평대리해변,제주시 > 구좌,#여름 #자연경관 #포토스팟,5,4,92,25
산방산 용머리해안 지질트레일,서귀포시 > 안덕,#커플 #맑음 #봄 #자연경관 #체험 #언택트 #유네스코 #어트랙션 #봄꽃 #유채꽃,5,11,331,24
약천사,서귀포시 > 중문,#흐림 #여름 #문화관광 #어트랙션,5,14,353,24
어승생,제주시 > 제주시내,#흐림 #자연경관 #한라산 #언택트,5,4,124,24
엉또폭포,서귀포시 > 서귀포시내,#비.눈 #여름 #자연경관 #포토스팟,5,6,275,24
이니스프리제주하우스,서귀포시 > 안덕,#테마공원 #사계절 #실내 #어린이 #어트랙션,5,12,330,24
제주레포츠랜드,제주시 > 조천,#체험 #레저/체험 #어린이 #어트랙션 #반려동물 #반려동물동반입장 #반려동물동반_관광지 #무장애관광,5,26,442,24
제주올레 7코스,서귀포시 > 서귀포시내,#여름 #자연경관 #도보여행 #도보,4,3,181,24
지미봉,제주시 > 구좌,#오름 #자연경관,5,5,73,24
코코몽 에코파크,서귀포시 > 남원,#실내관광지 #어린이 #어트랙션,5,5,244,24
퍼시픽 마리나 요트투어,서귀포시 > 중문,#맑음 #여름 #체험 #레저/체험 #어린이 #수상레저 #어트랙션,4,5,272,24
닭머르해안길,제주시 > 조천,#맑음 #가을 #도보여행 #도보 #억새,5,6,286,23
원앙폭포,서귀포시 > 서귀포시내,#여름 #자연경관 #포토스팟,5,7,306,23
이중섭거주지,서귀포시 > 서귀포시내,#역사유적,5,2,123,23
해녀박물관,제주시 > 구좌,#아이 #비.눈 #겨울 #실내관광지 #문화관광 #박물관 #역사유적 #어린이 #어트랙션 #무장애관광 #공영관광지,5,11,293,23
대평포구,서귀포시 > 안덕,#가을 #문화관광 #역사유적,5,4,75,22
모슬포항,서귀포시 > 대정,#해변,5,3,187,22
박수기정,서귀포시 > 안덕,#자연경관 #포토스팟,5,3,182,22
성널오름 (성판악),서귀포시 > 남원,#자연경관 #도보여행 #도보 #한라산 #언택트,5,0,58,22
신양섭지해수욕장,서귀포시 > 성산,#맑음 #여름 #자연경관 #체험 #레저/체험 #해변 #물놀이 #수상레저 #반려동물 #반려동물동반입장 #혼저옵서개 #반려동물동반_관광지,5,3,125,22
알뜨르비행장,서귀포시 > 대정,#흐림 #봄 #자연경관 #문화관광 #역사유적,5,15,67,22
제주항공우주박물관,서귀포시 > 안덕,#비.눈 #겨울 #우수관광사업체 #실내관광지 #문화관광 #박물관 #어트랙션,5,12,610,22
한라수목원,제주시 > 제주시내,#부모 #아이 #맑음 #여름 #자연경관 #어린이 #동백 #무장애관광 #공영관광지,5,12,365,22
생각하는정원,제주시 > 한경,#아이 #흐림 #가을 #어린이 #어트랙션 #안전여행스탬프 #반려동물 #반려동물동반입장 #반려동물동반_관광지 #무장애관광,5,18,432,21
누바비치,서귀포시 > 서귀포시내,#음식 #레몬에이드 #커피 #쿠키 #2022고메페스타 #반려동물 #반려동물동반입장 #반려동물동반_식당카페 #에이드 #모히또 #블루베리에이드 #자몽에이드 #아메리카노 #카페라떼 #바닐라라떼 #카페모카 #카라멜마끼아또 #딸기라떼 #말차라떼 #핫초코 #아이스초코 #아이스티 #복숭아아이스티 #차 #우롱차 #루이보스 #캐모마일 #녹차 #술 #진토닉칵테일 #깔루아밀크 #샴페인 #와인 #레드와인 #화이트와인 #하우스와인 #앱솔루트보드카 #위스키 #スパークリング,4,10,194,20
범섬,서귀포시 > 서귀포시내,#맑음 #자연경관 #섬속의섬 #포토스팟,5,5,47,20
일출랜드,서귀포시 > 성산,#우수관광사업체 #실내관광지 #어트랙션 #안전여행스탬프 #가족 #체험 #곶자왈 #반려동물 #반려동물동반입장 #반려동물동반_관광지 #무장애관광,5,10,313,20
탑동,제주시 > 제주시내,#휴식/힐링 #흐림 #여름,5,9,83,20
형제섬,서귀포시 > 안덕,#경관/포토 #일몰 #일출 #자연경관 #섬속의섬 #포토스팟 #무장애관광,5,6,33,20
휘닉스 아일랜드 제주,서귀포시 > 성산,#성산 #4성급호텔 #수영장 #휴양콘도 #주차장 #공공와이파이존 #어린이놀이방 #교통 #양식레스토랑 #조식 포함 #주방기구 #가족 #무장애관광 #반려동물동반_숙소,5,3,73,20
1100고지습지,서귀포시 > 서귀포시내,#가을 #자연경관 #포토스팟 #한라산 #언택트,5,3,183,19
사라오름,서귀포시 > 남원,#겨울 #자연경관 #도보여행 #도보 #한라산 #언택트,5,8,97,19
위미리 동백나무군락,서귀포시 > 남원,#맑음 #겨울 #자연경관 #동백 #포토스팟 #어린이,5,2,192,19
이중섭미술관,서귀포시 > 서귀포시내,#커플 #비.눈 #겨울 #문화관광 #미술관 #실내관광지 #어트랙션 #무장애관광 #공영관광지,5,8,279,19
제주공룡랜드[휴장중],제주시 > 애월,#실내관광지 #어린이 #어트랙션 #무장애관광,5,6,249,19
제주대학교 가는길,제주시 > 제주시내,#도보 #봄꽃 #벚꽃,5,2,55,19
테디베어뮤지엄제주,서귀포시 > 중문,#비.눈 #겨울 #실내관광지 #어트랙션 #안전여행스탬프 #반려동물 #반려동물동반입장 #반려동물동반_관광지 #무장애관광,5,11,434,19
동백동산,제주시 > 조천,#겨울 #자연경관 #동백 #언택트 #2022_마을산책_봄 #Moment_봄,4,6,133,18
붉은오름 자연휴양림,서귀포시 > 표선,#커플 #흐림 #가을 #자연경관 #도보여행 #도보 #무장애관광 #공영관광지,5,12,126,18
서귀포치유의숲,서귀포시 > 서귀포시내,#치유 #숲길 #걷기/등산 #부모 #자연경관 #도보여행 #도보 #럭셔리트래블인제주 #2023_관광10선_봄 #Moment_봄 #공영관광지,5,22,420,18
소천지,서귀포시 > 서귀포시내,#자연경관 #포토스팟,5,5,246,18
월정 투명카약,제주시 > 구좌,#체험 #레저/체험 #수상레저 #어트랙션,5,5,570,18
제주현대미술관,제주시 > 한경,#커플 #흐림 #겨울 #실내관광지 #미술관 #문화관광 #어트랙션 #포토스팟 #제주명품42 #제주7대건축물 #무장애관광,5,9,209,18
종달리수국길,제주시 > 구좌,#경관/포토 #커플 #맑음 #여름 #자연경관 #도보여행 #도보 #포토스팟,5,4,283,18
1100고지(휴게소),서귀포시 > 서귀포시내,#겨울 #포토스팟 #한라산 #언택트 #어트랙션 #제주명품42 #제주7대도로,5,9,398,17
금악오름(왕매),제주시 > 한림,#커플 #흐림 #가을 #금오름 #자연경관 #도보여행 #도보,5,5,148,17
제주해양동물박물관,서귀포시 > 성산,#비.눈 #사계절 #실내관광지 #문화관광 #박물관 #어린이 #어트랙션 #어린이동물농장 #안전여행스탬프 #무장애관광,5,15,231,17
혼인지,서귀포시 > 성산,#역사유적 #수국 #무장애관광 #공영관광지,5,5,135,17
관음사,제주시 > 제주시내,#흐림 #봄 #한라산 #언택트 #어트랙션 #단풍,5,7,222,16
산방굴사,서귀포시 > 안덕,#문화관광 #역사유적,5,5,191,16
삼성혈,제주시 > 제주시내,#우수관광사업체 #자연경관 #문화관광 #역사유적 #봄꽃 #벚꽃 #무장애관광,5,6,139,15
신창풍차해안도로,제주시 > 한경,#커플스냅 #포토스팟 #드라이브 #반려동물 #반려동물동반입장 #반려동물동반_산책로 #반려동물동반_자연 #반려동물동반_관광지,5,10,510,15
제주곶자왈도립공원,서귀포시 > 대정,#흐림 #자연경관 #도보여행 #도보 #곶자왈 #숲 #어트랙션 #식물군락지,5,10,207,15
제주올레 8코스,서귀포시 > 중문,#혼자 #가을 #자연경관 #도보여행 #도보,5,1,138,15
귤밭76번지,서귀포시 > 안덕,#겨울 #체험 #어린이 #어트랙션,5,5,359,14
"당산봉(당오름,차귀오름)",제주시 > 한경,#자연경관 #도보여행 #도보,5,4,36,14
사계해변,서귀포시 > 안덕,#커플 #맑음 #봄 #자연경관,5,10,225,14
서귀포칠십리시공원,서귀포시 > 서귀포시내,#봄 #매화,5,3,132,14
오조포구,서귀포시 > 성산,#문화유적지 #자연경관 #역사유적 #k-drama,5,1,57,14
종달리해안도로,서귀포시 > 성산,#맑음 #여름,5,5,182,14
돈내코,서귀포시 > 서귀포시내,#부모 #아이 #맑음 #여름 #자연경관 #체험 #레저/체험 #어린이 #수상레저 #어트랙션 #물놀이 #공영관광지,4,5,339,13
레이저서바이벌M,제주시 > 제주시내,#사계절 #체험 #레저/체험 #어트랙션 #관광지 #무장애관광,5,17,63,13
물영아리오름,서귀포시 > 남원,#흐림 #여름 #자연경관 #도보여행 #도보 #언택트,5,1,129,13
민속자연사박물관,제주시 > 제주시내,#비.눈 #겨울 #실내관광지 #문화관광 #박물관 #어트랙션 #무장애관광,5,5,219,13
법환포구,서귀포시 > 서귀포시내,#문화유적지 #자연경관 #역사유적,5,1,27,13
사계해안도로,서귀포시 > 안덕,#커플 #맑음 #가을 #자연경관 #제주명품42 #포토스팟 #제주7대도로,4,4,170,13
서귀포항,서귀포시 > 서귀포시내,#밤 #부모 #혼자 #아이 #맑음 #휴식/힐링 #일몰 #어린이,5,3,57,13
알작지해변,제주시 > 제주시내,#가을 #자연경관 #포토스팟,5,5,121,13
이호테우해수욕장,제주시 > 제주시내,#일몰 #해변 #해수욕장 #자연경관 #물놀이 #포토스팟 #반려동물 #반려동물동반입장 #혼저옵서개 #반려동물동반_관광지,5,8,257,13
점보빌리지,서귀포시 > 안덕,#사계절 #어린이 #어트랙션 #무장애관광,5,7,204,13
정물오름,제주시 > 한림,#일몰 #오름 #자연경관 #도보여행 #도보 #언택트 #억새,5,6,39,13
제주목관아,제주시 > 제주시내,#사계절 #실내관광지 #역사유적 #어트랙션 #제주명품42 #제주7대건축물 #사적지 #문화재 #문화관광 #무장애관광 #공영관광지,5,4,181,13
제주베니스랜드,서귀포시 > 성산,#어린이 #어트랙션,5,6,315,13
제주커피박물관 바움 Baum,서귀포시 > 성산,#커플 #비.눈 #겨울 #실내관광지 #문화관광 #박물관 #어트랙션,5,10,313,13
터진목 & 성산면 4·3희생자 위령비,서귀포시 > 성산,#제주4.3 #역사유적 #어트랙션,5,0,8,13
판포포구,제주시 > 한경,#친구 #아이 #여름 #자연경관 #역사유적 #어린이,5,6,100,13
표선세화해안도로,서귀포시 > 표선,#여름,5,2,171,13
한림해안도로,제주시 > 한림,#올레 #자전거 #자연경관,5,3,175,13
넥슨컴퓨터박물관,제주시 > 제주시내,#아이 #비.눈 #겨울 #실내관광지 #문화관광 #박물관 #어트랙션 #안전여행스탬프 #무장애관광,4,13,334,12
더마파크,제주시 > 한림,#아이 #맑음 #사계절 #체험 #레저/체험 #어린이 #테마공원 #어트랙션 #무장애관광,4,11,290,12
돈내코유원지,서귀포시 > 서귀포시내,#맑음 #여름 #체험 #레저/체험 #어린이 #수상레저 #어트랙션 #물놀이,5,2,120,12
서귀포자연휴양림,서귀포시 > 서귀포시내,#휴식/힐링 #캠핑장 #야영장 #자연경관 #캠핑 #언택트 #단풍 #무장애관광 #2023_관광10선_봄 #Moment_봄 #공영관광지,5,7,177,12
수월봉,제주시 > 한경,#친구 #아이 #맑음 #가을 #경관/포토 #일몰 #휴식/힐링 #자연경관 #포토스팟 #어린이 #언택트 #유네스코 #공영관광지,5,7,172,12
안돌오름,제주시 > 구좌,#친구 #아이 #맑음 #오름 #자연경관 #도보여행 #도보 #어린이,5,3,79,12
우도잠수함(제주씨월드),서귀포시 > 성산,#체험 #레저/체험 #어린이 #수상레저 #어트랙션,5,8,447,12
제주다원 녹차미로공원,서귀포시 > 중문,#봄 #어린이 #녹차 #어트랙션 #반려동물 #반려동물동반입장 #반려동물동반_관광지,5,2,187,12
제주유리박물관,서귀포시 > 서귀포시내,#친구 #아이 #흐림 #가을 #실내관광지 #문화관광 #박물관 #어트랙션 #무장애관광,5,10,242,12
추자도,섬 속의 섬 > 추차도,#포토스팟 #공영관광지 #2023_관광10선_가을,5,2,33,12
교래자연휴양림,제주시 > 조천,#부모 #아이 #흐림 #여름 #자연경관 #단풍 #어린이 #무장애관광 #공영관광지,5,2,78,11
논짓물,서귀포시 > 서귀포시내,#부모 #아이 #여름 #액티비티 #맑음 #자연경관 #체험 #레저/체험 #어린이,5,5,84,11
마라도성당,섬 속의 섬 > 마라도,#가을 #어트랙션,4,8,84,11
문섬(서귀포해양도립공원),서귀포시 > 서귀포시내,#친구 #아이 #맑음 #경관/포토 #해변 #자연경관 #섬속의섬 #포토스팟 #어린이 #공영관광지,5,2,25,11
북촌돌하르방미술관,제주시 > 조천,#커플 #아이 #맑음 #봄 #겨울 #실내관광지 #미술관 #문화관광 #어트랙션 #반려동물 #반려동물동반입장 #자연경관 #반려동물동반_관광지 #2022_마을산책_봄 #Moment_봄,5,7,241,11
새섬,서귀포시 > 서귀포시내,#섬속의섬 #포토스팟,5,6,40,11
서귀포해안,서귀포시 > 서귀포시내,#휴식/힐링 #해변 #자연경관,5,1,72,11
제주올레 10코스,서귀포시 > 안덕,#혼자 #봄 #가을 #자연경관 #도보여행 #도보,5,2,76,11
제주올레 18코스,제주시 > 제주시내,#혼자 #봄 #가을 #자연경관 #도보여행 #도보,4,8,80,11
가뫼물,서귀포시 > 남원,#감귤 #자연경관 #어린이 #어트랙션,5,8,247,10
구엄리돌염전,제주시 > 애월,#맑음 #가을 #자연경관 #역사유적 #어트랙션,5,4,247,10
노루생태관찰원,제주시 > 제주시내,#맑음 #자연경관 #체험 #레저/체험 #어린이 #어트랙션 #무장애관광 #공영관광지,5,2,132,10
렛츠런파크,제주시 > 애월,#맑음 #체험 #레저/체험 #어린이 #테마공원 #어트랙션,5,4,120,10
물찻오름 [출입제한 - 자연휴식년제 적용 중],제주시 > 조천,#여름 #자연경관 #도보여행 #도보,5,2,43,10
상효원,서귀포시 > 서귀포시내,#우수관광사업체 #단풍 #어트랙션 #봄꽃 #벚꽃 #수국,5,6,149,10
섶섬(서귀포해양도립공원),서귀포시 > 서귀포시내,#자연경관 #섬속의섬 #포토스팟 #공영관광지,4,3,17,10
위미항,서귀포시 > 남원,#맑음 #언택트,5,1,27,10
제주올레 15-A코스,제주시 > 애월,#맑음 #경관/포토 #올레 #봄 #가을 #도보여행 #도보 #포토스팟,4,5,59,10
제주올레 6코스,서귀포시 > 서귀포시내,#친구 #맑음 #경관/포토 #휴식/힐링 #체험관광 #올레 #사계절 #청년 #걷기/등산 #봄 #자연경관 #도보여행 #도보 #포토스팟 #어트랙션,5,6,87,10
한라생태숲,제주시 > 제주시내,#친구 #아이 #맑음 #휴식/힐링 #자연경관 #숲 #어린이 #무장애관광 #공영관광지,5,3,80,10
건강과성박물관,서귀포시 > 안덕,#비.눈 #사계절 #실내관광지 #문화관광 #박물관 #어트랙션 #무장애관광,4,6,129,9
공천포,서귀포시 > 남원,#여름 #자연경관 #역사유적,4,0,28,9
도두항,제주시 > 제주시내,#친구 #아이 #맑음 #휴식/힐링 #어린이,5,0,12,9
산방산탄산온천,서귀포시 > 안덕,#아이 #흐림 #겨울 #자연경관 #실내관광지 #어린이 #어트랙션,5,30,962,9
세화해안도로,제주시 > 구좌,#맑음 #여름,4,2,129,9
소정방폭포,서귀포시 > 서귀포시내,#아이 #맑음 #경관/포토 #폭포 #자연경관 #포토스팟 #어린이,4,1,160,9
신비의도로,제주시 > 제주시내,#어린이 #드라이브 #공영관광지,5,17,428,9
신화테마파크,서귀포시 > 서귀포시내,#실내관광지 #어린이 #어트랙션 #안전여행스탬프 #제주신화월드 #무장애관광,5,9,334,9
양가형제,제주시 > 한경,#음료 #음식 #햄버거 #치즈버거 #감자튀김 #어니언링 #반려동물동반입장 #반려동물 #반려동물동반_식당카페 #불고기버거 #새우버거 #쉐이크 #밀크쉐이크 #술,4,3,60,9
자구리공원,서귀포시 > 서귀포시내,#친구 #아이 #맑음 #밤 #자연경관 #어린이,5,2,66,9
제주도립김창열미술관,제주시 > 한경,#예술 #실내관광지 #문화관광 #미술관 #어트랙션 #공영관광지,4,4,64,9
제주별빛누리공원,제주시 > 제주시내,#겨울 #실내관광지 #어린이 #어트랙션 #무장애관광 #공영관광지,4,4,238,9
제주센트럴파크,제주시 > 조천,#어린이 #무장애관광,4,0,237,9
제주올레 14코스,제주시 > 한림,#혼자 #봄 #자연경관 #도보여행 #도보,3,3,47,9
제주올레 5코스,서귀포시 > 남원,#혼자 #맑음 #여름 #자연경관 #도보여행 #도보,4,1,58,9
큰노꼬메오름,제주시 > 애월,#봄 #자연경관 #도보여행 #도보 #반려동물 #반려동물동반입장 #반려동물동반_오름 #반려동물동반_자연 #반려동물동반_관광지,5,1,23,9
고내리포구,제주시 > 애월,#친구 #해변 #올레 #자연경관,5,0,14,8
국립제주박물관,제주시 > 제주시내,#비.눈 #겨울 #실내관광지 #문화관광 #박물관 #어트랙션 #무장애관광,5,12,210,8
낙천리아홉굿의자마을,제주시 > 한경,#가을 #문화관광 #마을산책 #마을관광 #어린이 #어트랙션 #반려동물동반입장 #반려동물 #반려동물동반_관광지 #무장애관광,5,0,47,8
도두동 무지개 해안도로,제주시 > 제주시내,#우정스냅 #포토스팟 #반려동물 #반려동물동반입장 #반려동물동반_산책로 #반려동물동반_자연 #반려동물동반_관광지,5,15,455,8
별방진,제주시 > 구좌,#문화관광 #역사유적 #봄꽃 #유채꽃,5,1,45,8
송악산둘레길,서귀포시 > 대정,#도보여행,5,1,23,8
전농로 서사라문화거리,제주시 > 제주시내,#봄 #문화관광 #어트랙션 #봄꽃 #벚꽃 #2023_관광10선_봄 #Moment_봄,5,0,102,8
제주올레 17코스,제주시 > 제주시내,#혼자 #봄 #가을 #자연경관 #도보여행 #도보,4,5,64,8
제주올레 1코스,서귀포시 > 성산,#자연경관 #도보여행 #도보,5,7,66,8
테디베어사파리 테지움,제주시 > 애월,#비.눈 #사계절 #실내관광지 #어린이 #어트랙션 #무장애관광,5,11,184,8
톨칸이,섬 속의 섬 > 우도,#경관/포토 #해변 #자연경관 #포토스팟,5,1,48,8
그랑블루 요트투어,서귀포시 > 서귀포시내,#체험 #레저/체험 #수상레저 #어트랙션,5,2,93,7
금능석물원,제주시 > 한림,#안전여행스탬프 #무장애관광,4,2,60,7
김녕금속공예벽화마을,제주시 > 구좌,#커플 #흐림 #가을 #문화관광 #역사유적 #마을산책 #마을관광 #포토스팟 #무장애관광,4,7,120,7
누웨마루거리(구 바오젠),제주시 > 제주시내,#혼자 #아이 #사계절 #어린이 #어트랙션,5,5,98,7
사라봉,제주시 > 제주시내,#걷기/등산 #친구 #겨울 #자연경관,4,0,33,7
사라봉공원,제주시 > 제주시내,#걷기 #자연경관 #무장애관광,5,2,21,7
서귀포유람선,서귀포시 > 서귀포시내,#커플 #친구 #맑음 #체험 #레저/체험 #어린이,4,1,54,7
서귀포천문과학문화관,서귀포시 > 서귀포시내,#겨울 #실내관광지 #어트랙션 #공영관광지,4,6,156,7
수목원테마파크,제주시 > 제주시내,#실내관광지 #어린이 #테마공원 #안전여행스탬프 #무장애관광,4,10,253,7
신창리포구,제주시 > 한경,#커플 #자연경관 #역사유적,5,1,5,7
영주산,서귀포시 > 표선,#자연경관 #수국,5,2,28,7
우도봉 풍경,섬 속의 섬 > 우도,#맑음 #자연경관 #포토스팟,5,6,49,7
우포토 시네마 갤러리 카페,서귀포시 > 대정,#관광지,3,3,4,7
저지 예술인 마을,제주시 > 한경,#흐림 #가을 #문화관광 #마을산책 #마을관광 #어트랙션 #무장애관광,5,4,52,7
조랑말체험공원,서귀포시 > 표선,#가을 #실내관광지 #체험 #레저/체험 #어린이 #어트랙션,5,3,158,7
화순금모래해수욕장,서귀포시 > 안덕,#아이 #맑음 #여름 #자연경관 #체험 #레저/체험 #해변 #물놀이 #어린이 #수상레저 #반려동물 #반려동물동반입장 #반려동물동반_해변 #반려동물동반_자연 #반려동물동반_관광지,5,2,66,7
곶자왈,서귀포시 > 대정,#흐림 #봄 #가을 #자연경관 #도보여행 #도보 #곶자왈 #숲 #식물군락지,5,18,404,6
그리스신화박물관 / 트릭아이미술관,제주시 > 한림,#비.눈 #겨울 #실내관광지 #미술관 #문화관광 #박물관 #어트랙션 #무장애관광,5,5,256,6
대장금촬영지(제주민속촌),서귀포시 > 표선,#경관/포토 #테마공원 #미술/박물관 #포토스팟,5,5,95,6
두맹이골목,제주시 > 제주시내,#흐림 #봄 #자연경관 #포토스팟,4,2,106,6
루나폴,서귀포시 > 안덕,# 어트랙션 # 야간개장 # 야간관광 # 미디어아트,5,9,210,6
비체올린,제주시 > 한경,#체험 #아이 #수학여행 #가족여행 #여름꽃축제 #안전여행스탬프 #반려동물 #반려동물동반입장 #테마공원 #반려동물동반_관광지 #무장애관광,5,7,185,6
성산오조리해안,서귀포시 > 성산,#맑음 #겨울 #자연경관 #포토스팟,5,1,48,6
영실기암,서귀포시 > 서귀포시내,#친구 #비.눈 #맑음 #경관/포토 #휴식/힐링 #테마공원 #액티비티 #사계절 #청년 #중/장년 #자연경관 #체험 #레저/체험 #포토스팟 #한라산 #언택트 #어트랙션 #단풍,5,3,64,6
제주 카약올레,제주시 > 애월,#체험 #레저/체험 #수상레저 #어트랙션,4,7,177,6
제주국제컨벤션센터 icc,서귀포시 > 중문,#사계절 #실내관광지 #어트랙션 #무장애관광,5,3,28,6
제주올레 9코스,서귀포시 > 안덕,#혼자 #맑음 #봄 #가을 #자연경관 #도보여행 #도보,5,2,31,6
종달리해변,제주시 > 구좌,#커플 #맑음 #여름 #자연경관 #포토스팟,5,1,66,6
천아숲길 천아계곡,제주시 > 애월,#흐림 #봄 #단풍 #가을 #자연경관 #도보여행 #도보 #숲 #어린이 #언택트 #계곡 #물놀이,5,5,64,6
천왕사,제주시 > 제주시내,#어트랙션,5,3,62,6
청수곶자왈,제주시 > 한경,#여름 #밤 #숲길 #걷기 #도보여행 #도보 #곶자왈 #숲 #식물군락지,4,6,100,6
초콜릿박물관,서귀포시 > 대정,#비.눈 #겨울 #실내관광지 #문화관광 #박물관 #어트랙션 #무장애관광,5,7,295,6
해맞이해안로,제주시 > 구좌,#커플 #맑음 #자연경관,4,4,90,6
김녕해안도로,제주시 > 구좌,#여름 #자연경관,5,4,194,5
도순다원,서귀포시 > 서귀포시내,#자연경관 #포토스팟 #녹차 #어트랙션,5,5,171,5
두산봉(말미오름),서귀포시 > 성산,#봄 #오름 #자연경관 #도보여행 #도보 #반려동물 #반려동물동반입장 #반려동물동반_오름 #반려동물동반_자연 #반려동물동반_관광지,5,3,25,5
민오름(구좌읍),제주시 > 구좌,#친구 #아이 #오름 #자연경관 #도보여행 #도보 #어린이,5,1,10,5
바다를본돼지(판포점),제주시 > 한경,#한식 #음식 #흑돼지 #흑돼지구이 #오겹살 #목살 #전복뚝배기 #김치찌개 #반려동물 #반려동물동반입장 #반려동물동반_식당카페 #흑돼지오겹살 #키조개볶음 #새우구이 #전복구이 #뚝배기 #돌솥밥,5,1,55,5
백조일손지묘(백조일손지지),서귀포시 > 안덕,#역사유적,5,1,4,5
별도봉,제주시 > 제주시내,#자연경관,4,2,18,5
성읍녹차마을,서귀포시 > 표선,#아이 #경관/포토 #마을산책 #마을관광 #포토스팟 #어린이 #녹차,5,6,138,5
아라리오뮤지엄탑동시네마,제주시 > 제주시내,#사계절 #실내관광지 #문화관광 #어트랙션,4,2,24,5
아르떼뮤지엄,제주시 > 애월,#테마공원 #미술/박물관 #전시와 행사 #실내관광지 #문화관광 #어트랙션 #관광지,5,6,325,5
용두암해안도로카페거리,제주시 > 제주시내,#드라이브,5,4,174,5
이승이오름(이승악),서귀포시 > 남원,#도보,5,0,21,5
"저지오름(닥몰오름,새오름)",제주시 > 한경,#자연경관 #도보여행 #도보,5,1,24,5
제주올레 19코스,제주시 > 조천,#혼자 #봄 #가을 #도보여행 #도보,4,5,27,5
제주올레 20코스,제주시 > 구좌,#혼자 #봄 #가을 #자연경관 #도보여행 #도보,5,5,43,5
제주올레 4코스,서귀포시 > 남원,#가을 #자연경관 #도보여행 #도보,5,0,38,5
중문골프장,서귀포시 > 중문,#체험관광 #액티비티 #커플 #골프 #체험 #레저/체험 #어트랙션,5,0,2,5
진아영 할머니 집터,제주시 > 한림,#제주4.3 #역사유적 #어트랙션,5,4,9,5
카페루시아,서귀포시 > 안덕,#음식 #카페라떼 #에이드 #젤라또 #빵 #디저트 #반려동물 #반려동물동반입장 #반려동물동반_식당카페 #에스프레소 #카푸치노 #바닐라라떼 #코코넛라떼 #아인슈페너 #카페모카 #아포가토 #초코라떼 #그린티라떼 #라떼 #스무디 #애플망고스무디 #딸기스무디 #블루베리스무디 #차 #유자차 #청귤차 #카모마일 #루이보스 #페퍼민트,5,0,36,5
탐나라공화국(제주남이섬),제주시 > 한림,#맑음 #가을 #문화관광 #언택트 #어트랙션,5,4,25,5
협재굴(한림공원),제주시 > 한림,#흐림 #자연경관 #포토스팟 #무장애관광,5,9,301,5
화순곶자왈생태탐방숲길,서귀포시 > 안덕,#커플 #흐림 #여름 #자연경관 #도보여행 #도보 #곶자왈 #숲 #식물군락지,5,4,59,5
화순리 유채꽃길,서귀포시 > 안덕,#맑음 #봄 #자연경관 #도보여행 #도보 #포토스팟 #봄꽃 #유채꽃,5,1,90,5
강정천유원지,서귀포시 > 서귀포시내,#여름 #자연경관 #체험 #레저/체험 #수상레저 #어트랙션 #물놀이,5,2,27,4
검멀레동굴,섬 속의 섬 > 우도,#부모 #아이 #맑음 #동굴 #자연경관 #포토스팟 #어린이,5,5,112,4
구좌해안로,제주시 > 구좌,#맑음,5,1,44,4
김녕요트투어,제주시 > 구좌,#체험 #레저/체험 #수상레저 #어트랙션 #우수관광사업체,5,3,168,4
낙타트래킹,서귀포시 > 표선,#체험 #레저/체험 #어트랙션,5,1,110,4
노형수퍼마켙,제주시 > 제주시내,#친구 #아이 #휴식/힐링 #테마공원 #미술/박물관 #사계절 #전시와 행사 #실내관광지 #문화관광 #어린이 #어트랙션 #안전여행스탬프 #관광지,5,5,186,4
도두해안도로,제주시 > 제주시내,#여름,5,0,74,4
드르쿰다인성산,서귀포시 > 성산,#반려동물동반입장 #혼저옵서개 #반려동물동반_관광지,5,0,3,4
무릉곶자왈,서귀포시 > 대정,#가을 #자연경관 #도보여행 #도보 #곶자왈 #숲 #언택트 #식물군락지,5,2,27,4
문화예술마을 저지리 농어촌체험마을,제주시 > 한경,#흐림 #사계절 #체험 #마을산책 #마을관광 #어트랙션,5,1,6,4
빌레못동굴,제주시 > 애월,#커플 #혼자 #친구 #아이 #청년 #중/장년 #노년 #자연경관 #문화관광 #제주4.3 #역사유적 #어린이,5,7,16,4
사려니오름,서귀포시 > 남원,#흐림 #봄 #자연경관 #도보여행 #도보 #단풍,5,2,72,4
산지등대,제주시 > 제주시내,#친구 #맑음 #가을 #포토스팟,5,2,36,4
산지천,제주시 > 제주시내,#자연경관 #어린이 #물놀이,5,2,53,4
생이기정,제주시 > 한경,#맑음 #가을 #자연경관,5,6,26,4
서건도,서귀포시 > 서귀포시내,#포토스팟 #언택트,5,2,25,4
서귀다원,서귀포시 > 서귀포시내,#경관/포토 #휴식/힐링 #봄 #여름 #자연경관 #포토스팟 #녹차 #어트랙션,5,0,28,4
송당본향당,제주시 > 구좌,#친구 #아이 #문화유적지 #자연경관 #문화관광 #역사유적 #어린이 #2023_관광10선_봄 #Moment_봄,5,2,7,4
송당승마장,제주시 > 구좌,#친구 #체험 #레저/체험 #어트랙션,4,1,30,4
송악산 진지동굴,서귀포시 > 대정,#친구 #아이 #문화유적지 #동굴 #자연경관 #문화관광 #역사유적 #어린이,5,0,65,4
쉬리의언덕,서귀포시 > 중문,#부모 #맑음 #해변 #휴식/힐링 #경관/포토 #포토스팟,5,4,147,4
스누피가든,제주시 > 구좌,#맑음 #흐림 #휴식/힐링 #경관/포토 #테마공원 #휴식/치유 #우수관광사업체 #자연경관 #실내관광지 #체험 #포토스팟 #어린이 #어트랙션 #반려동물 #반려동물동반입장 #반려동물동반_관광지,5,9,370,4
엉알해안,제주시 > 한경,#맑음 #여름 #자연경관 #포토스팟,5,2,50,4
엉알해안산책로,제주시 > 한경,#커플 #맑음 #가을 #자연경관,5,1,57,4
원당봉,제주시 > 제주시내,#자연경관,5,2,8,4
월평포구,서귀포시 > 서귀포시내,#맑음 #자연경관 #역사유적,5,0,15,4
장전리 벚꽃축제길,제주시 > 애월,#맑음 #봄 #봄꽃 #도보여행 #도보 #포토스팟 #어트랙션 #벚꽃,5,4,55,4
제주아트서커스,서귀포시 > 안덕,#아이 #흐림 #실내관광지 #어린이 #어트랙션 #무장애관광,3,9,211,4
제주추사관,서귀포시 > 대정,#실내관광지 #어트랙션 #무장애관광 #공영관광지,5,4,74,4
제주하늘을날다(패러글라이딩),제주시 > 제주시내,#체험 #레저/체험 #어트랙션,4,14,323,4
제지기오름,서귀포시 > 서귀포시내,#가을 #자연경관 #도보여행 #도보,4,1,14,4
조함해안도로,제주시 > 조천,#부모 #혼자 #아이 #맑음 #자연경관 #어린이,4,2,72,4
종달리전망대,제주시 > 구좌,#맑음 #자연경관 #포토스팟,5,1,66,4
카페숑,서귀포시 > 남원,#음식 #아메리카노 #카페라떼 #반려동물 #반려동물동반입장 #반려동물동반_식당카페 #플랫화이트 #카푸치노 #비엔나커피 #바닐라라떼 #카라멜라떼 #녹차라떼 #고구마라떼 #초코라떼 #라떼 #에스프레소 #에스프레소콘파냐 #에스프레소마키아또 #주스 #자몽주스 #사과주스 #에이드 #레몬에이드 #아이스크림 #차 #페퍼민트 #루이보스 #도라지차 #진피차 #아포가토,5,0,23,4
큰사슴이오름,서귀포시 > 표선,#봄 #자연경관 #도보여행 #도보 #반려동물 #반려동물동반입장 #반려동물동반_오름 #반려동물동반_자연 #반려동물동반_관광지,5,3,21,4
하도리 철새도래지,제주시 > 구좌,#자연경관 #포토스팟,5,0,11,4
형제해안도로,서귀포시 > 대정,#가을,5,5,57,4
5.16도로숲터널,제주시 > 조천,#숲 #단풍 #제주명품42 #포토스팟 #제주7대도로,5,5,209,3
거슨새미오름,제주시 > 구좌,#오름 #가을 #맑음 #자연경관 #도보여행 #도보,5,0,7,3
걸매생태공원,서귀포시 > 서귀포시내,#맑음 #가을 #자연경관 #동백 #매화 #물놀이,5,1,40,3
공천포구,서귀포시 > 남원,#해변 #부모 #혼자 #아이 #맑음 #자연경관 #포토스팟 #어린이,5,0,10,3
그제바람 윈드서핑패들보드,제주시 > 제주시내,#수상레저 #어트랙션 #관광지 #러닝홀리데이인제주,5,3,8,3
김만덕객주,제주시 > 제주시내,#혼자 #흐림 #맑음 #문화유적지 #실내관광지 #문화관광 #역사유적 #어트랙션 #반려동물 #반려동물동반입장 #식당 #객주 #미니민속 #반려동물동반_식당카페 #반려동물동반_관광지 #공영관광지,5,5,83,3
꽃썸,서귀포시 > 안덕,#휴식 #부모 #친구 #커플 #혼자 #안개/흐림 #맑음 #봄 #여름 #가을 #겨울 #중/장년 #청년 #노년 #어트랙션,4,0,54,3
노을해안로,서귀포시 > 대정,#혼자 #가을 #자연경관,5,1,38,3
높은오름,제주시 > 구좌,#친구 #아이 #맑음 #오름 #자연경관 #도보여행 #도보 #어린이 #반려동물 #반려동물동반입장 #반려동물동반_오름 #반려동물동반_자연 #반려동물동반_관광지,5,1,13,3
다랑쉬굴,제주시 > 구좌,#제주4.3 #역사유적 #어트랙션,5,2,7,3
단산(바굼지오름),서귀포시 > 안덕,#친구 #경관/포토 #오름 #도보여행 #도보 #포토스팟 #반려동물 #반려동물동반입장 #반려동물동반_오름 #반려동물동반_자연 #반려동물동반_관광지,5,0,19,3
답다니 탑망대 (하트원담),섬 속의 섬 > 우도,#포토스팟 #어트랙션 #수국,5,3,36,3
대한민국최남단기념비/ 마라도 기념비,섬 속의 섬 > 마라도,#혼자 #친구 #아이 #마라도 #포토스팟 #어린이 #어트랙션,5,2,31,3
돔베낭골,서귀포시 > 서귀포시내,#여름 #자연경관,5,3,23,3
동거문이오름,제주시 > 구좌,#도보여행 #도보 #반려동물 #반려동물동반입장 #반려동물동반_오름 #반려동물동반_자연 #반려동물동반_관광지,5,0,10,3
동백포레스트,서귀포시 > 남원,#경관/포토 #겨울 #자연경관 #동백 #포토스팟,5,5,164,3
라온승마클럽,제주시 > 한림,#체험 #레저/체험 #어트랙션,4,0,30,3
명월성지,제주시 > 한림,#언택트 #어트랙션,5,1,25,3
민오름(봉개동),제주시 > 제주시내,#도보여행 #도보,5,1,6,3
바이나흐튼 크리스마스 박물관,서귀포시 > 안덕,#흐림 #겨울 #실내관광지 #문화관광 #박물관 #어린이 #어트랙션,5,8,112,3
법화사지,서귀포시 > 서귀포시내,#아이 #경관/포토 #휴식/힐링 #문화유적지 #중/장년 #휴식/치유 #노년 #역사유적 #포토스팟 #어린이,5,2,20,3
보목포구,서귀포시 > 서귀포시내,#부모 #커플 #혼자 #아이 #자연경관 #어린이,5,1,9,3
북오름,서귀포시 > 안덕,#친구 #아이 #오름 #자연경관 #도보여행 #도보 #어린이,4,0,4,3
붉은오름(표선면),서귀포시 > 표선,#친구 #맑음 #오름 #사계절 #자연경관 #도보여행 #도보 #단풍,5,3,23,3
산양큰엉곶,제주시 > 한경,#가을 #자연경관 #도보여행 #도보 #곶자왈 #숲 #식물군락지,5,0,33,3
성읍랜드,서귀포시 > 표선,#맑음 #액티비티 #실내관광지 #체험 #레저/체험 #어린이 #어트랙션,5,2,148,3
세계조가비박물관,서귀포시 > 서귀포시내,#비.눈 #사계절 #실내관광지 #문화관광 #박물관 #어트랙션 #안전여행스탬프,4,6,42,3
쇠와꽃 승마장,서귀포시 > 성산,#맑음 #액티비티 #승마 #체험 #레저/체험 #어린이 #어트랙션,5,0,65,3
아우아우,제주시 > 조천,# 반려동물 #반려동물동반입장 #혼저옵서개 #반려동물동반_식당카페,5,43,41,3
아이스뮤지엄,제주시 > 제주시내,#비.눈 #사계절 #실내관광지 #어린이 #어트랙션,4,7,217,3
애월 한담 카약,제주시 > 애월,#맑음 #여름 #체험 #레저/체험 #해변 #물놀이 #수상레저 #어트랙션,5,5,162,3
액티브파크,제주시 > 한림,#실내관광지 #체험 #어린이 #테마공원 #어트랙션 #무장애관광,5,5,105,3
약천사 템플스테이,서귀포시 > 서귀포시내,#흐림 #사계절 #실내관광지 #체험 #어트랙션,5,2,25,3
어리목계곡,제주시 > 제주시내,#겨울 #자연경관 #한라산 #언택트 #계곡 #물놀이,5,1,58,3
엉덩물계곡,서귀포시 > 중문,#친구 #아이 #맑음 #봄 #올레 #계곡 #자연경관 #어린이 #어트랙션 #봄꽃 #유채꽃 #물놀이,5,2,116,3
예이츠산장,서귀포시 > 남원,#바비큐 #공공와이파이존 #수영장 #노래방 #반려동물 #반려동물동반입장 #혼저옵서개 #반려동물동반_숙소,4,0,4,3
용담레포츠공원,제주시 > 제주시내,#맑음 #여름 #체험 #레저/체험 #어트랙션,5,0,3,3
월정리해안도로,제주시 > 구좌,#맑음 #여름 #자연경관 #제주명품42 #포토스팟 #제주7대도로,5,3,140,3
자구내포구,제주시 > 한경,#아이 #친구 #맑음 #휴식/힐링 #경관/포토 #문화유적지 #포구 #역사유적 #포토스팟 #어린이,5,1,27,3
절물오름(큰대나),제주시 > 제주시내,#커플 #봄 #자연경관 #도보여행 #도보,5,0,11,3
제주 삼양동 유적,제주시 > 제주시내,#전시와 행사 #실내관광지 #역사유적 #어트랙션 #무장애관광 #공영관광지,5,4,14,3
제주돌마을공원,제주시 > 한림,#테마공원 #실내관광지 #마을산책 #마을관광 #어트랙션 #무장애관광,5,4,53,3
제주세계자연유산센터,제주시 > 조천,#어트랙션 #유네스코 #무장애관광 #공영관광지,5,0,84,3
제주실탄사격장,서귀포시 > 서귀포시내,#커플 #비.눈 #겨울 #실내관광지 #체험 #레저/체험 #어트랙션 #무장애관광,5,10,184,3
제주올레 3코스,서귀포시 > 표선,#부모 #커플 #혼자 #친구 #맑음 #비.눈 #경관/포토 #휴식/힐링 #체험관광 #자연경관 #도보여행 #도보 #포토스팟 #어트랙션,5,2,21,3
큰넓궤,서귀포시 > 안덕,#문화관광 #제주4.3 #역사유적 #어트랙션,5,2,5,3
탑동해변공연장,제주시 > 제주시내,#친구 #아이 #맑음 #여름 #해변 #어린이 #어트랙션,5,2,17,3
태웃개,서귀포시 > 남원,#어린이,5,0,5,3
한화리조트 제주,제주시 > 제주시내,#주차장 #공공와이파이존 #양식레스토랑 #반려동물 #반려동물동반입장 #혼저옵서개 #반려동물동반_숙소,5,13,52,3
협재포구,제주시 > 한림,#해변 #포구 #자연경관,5,1,21,3
황우지해안 열두굴,서귀포시 > 서귀포시내,#친구 #맑음 #자연경관 #역사유적,5,2,80,3
고산일과해안도로,서귀포시 > 대정,#커플 #맑음,4,4,34,2
곽지해수욕장야영장,제주시 > 애월,#액티비티 #아이 #맑음 #자연경관 #체험 #레저/체험 #해변 #물놀이 #어린이 #수상레저 #캠핑 #언택트 #어트랙션,5,0,25,2
김녕해수욕장야영장,제주시 > 구좌,#아이 #여름 #야영장 #캠핑장 #자연경관 #체험 #레저/체험 #물놀이 #어린이 #수상레저 #캠핑 #언택트 #어트랙션,5,1,26,2
낙선동 4.3성,제주시 > 조천,#제주4.3 #역사유적 #어트랙션,5,1,5,2
다끄네포구(용담포구),제주시 > 제주시내,#문화유적지 #해변 #포구 #자연경관 #역사유적,5,1,6,2
다이나믹메이즈,서귀포시 > 표선,#비.눈 #겨울 #우수관광사업체 #실내관광지 #체험 #레저/체험 #어린이 #어트랙션 #안전여행스탬프,5,3,160,2
당오름,제주시 > 구좌,#맑음 #오름 #자연경관 #도보여행 #도보,5,2,6,2
당오름(한경면),제주시 > 한경,#가을 #자연경관 #도보여행 #도보,4,0,10,2
"대수산봉(큰물뫼,물미오름)",서귀포시 > 성산,#커플 #혼자 #맑음 #오름 #자연경관 #도보여행 #도보 #어린이,4,1,7,2
대정해변(하모해변),서귀포시 > 대정,#맑음 #해변 #자연경관 #어린이,5,1,35,2
대포포구,서귀포시 > 서귀포시내,#자연경관 #역사유적,0,0,0,2
도치돌 알파카목장,제주시 > 애월,#흐림 #휴식/힐링 #체험관광 #사계절 #자연경관 #체험 #어린이 #어트랙션 #반려동물 #반려동물동반입장 #반려동물동반_관광지,5,0,136,2
동산농원 딸기체험장,제주시 > 한경,#실내 #체험관광 #체험 #어린이 #어트랙션,5,0,32,2
라온골프클럽,제주시 > 한경,#골프 #체험 #레저/체험 #어트랙션,5,2,0,2
마복이오름,서귀포시 > 안덕,#도보여행 #도보,5,0,2,2
마원,제주시 > 조천,#아이 #맑음 #액티비티 #체험 #레저/체험 #어린이 #어트랙션,4,0,24,2
머체왓숲길,서귀포시 > 남원,#치유 #숲길 #걷기 #커플 #자연경관 #도보여행 #도보 #언택트 #무장애관광 #2023_관광10선_봄 #Moment_봄,5,4,79,2
모구리오름,서귀포시 > 성산,#도보여행 #도보,5,1,3,2
모지오름,서귀포시 > 표선,#경관/포토 #휴식/힐링 #액티비티 #오름 #사계절 #자연경관 #체험 #도보여행 #도보 #레저/체험 #포토스팟 #어트랙션,5,1,5,2
"미악산 (턥오름, 쌀오름, 솔오름)",서귀포시 > 서귀포시내,#친구 #아이 #맑음 #오름 #자연경관 #도보여행 #도보 #어린이,5,0,5,2
민오름(조천읍),제주시 > 조천,#경관/포토 #휴식/힐링 #액티비티 #오름 #청년 #중/장년 #휴식/치유 #자연경관 #체험 #도보여행 #도보 #레저/체험 #포토스팟,4,0,5,2
방림원,제주시 > 한경,#반려동물 #반려동물동반입장 #테마공원 #반려동물동반_관광지 #무장애관광,4,1,45,2
북촌국민학교,제주시 > 조천,#어트랙션,5,2,4,2
비양도등대,섬 속의 섬 > 비양도,#봄 #포토스팟,5,1,14,2
산방산유람선,서귀포시 > 안덕,#봄 #포토스팟,5,1,129,2
산천단,제주시 > 제주시내,#자연경관 #역사유적,5,0,15,2
삼양해안도로,제주시 > 제주시내,#맑음 #자연경관,5,1,31,2
삼화포구,제주시 > 제주시내,#자연경관 #역사유적,5,0,5,2
샤이니숲길,제주시 > 조천,#자연경관 #도보여행 #도보 #숲 #포토스팟 #숲길,5,5,202,2
서광승마장,서귀포시 > 안덕,#커플 #체험 #레저/체험 #어트랙션,5,0,34,2
서머셋 제주신화월드 호텔앤리조트,서귀포시 > 안덕,#조식 #수영장 #힐링 #제주신화월드 서머셋 리조트 #4성급호텔 #제주신화월드 #럭셔리트래블인제주 #무장애관광 # 반려동물동반입장 # 반려동물동반_숙소 #펫동반호텔,5,2,30,2
성산포항,서귀포시 > 성산,#어트랙션,5,0,34,2
소노캄제주,서귀포시 > 표선,#숙소,4,3,52,2
숨도(구.석부작박물관),서귀포시 > 서귀포시내,#사계절 #실내관광지 #문화관광 #박물관 #언택트 #어트랙션 #우수관광사업체 #반려동물 #반려동물동반입장 #혼저옵서개 #반려동물동반_관광지,5,1,33,2
숫모르편백나무숲길,제주시 > 제주시내,#봄 #체험 #도보여행 #도보 #숲,5,2,67,2
쉼터마을 유수암리 농어촌체험마을,제주시 > 애월,#사계절 #체험 #마을산책 #마을관광 #어린이 #어트랙션,4,1,16,2
신도포구,서귀포시 > 대정,#자연경관 #역사유적,5,0,11,2
아프리카박물관,서귀포시 > 중문,#비.눈 #겨울 #실내관광지 #문화관광 #박물관 #어트랙션 #안전여행스탬프 #무장애관광,5,2,75,2
알진오름(안친오름),제주시 > 구좌,#부모 #혼자 #아이 #오름 #자연경관 #도보여행 #도보 #어린이,5,1,7,2
올레여행자센터,서귀포시 > 서귀포시내,#올레 #도보여행 #도보 #어트랙션,3,2,3,2
원더아일랜드,서귀포시 > 안덕,# 유아시설 # 아이와함께,0,1,1,2
월령포구,제주시 > 한림,#올레 #문화유적지 #포구 #자연경관 #역사유적,5,0,3,2
윈드1947 카트 테마파크,서귀포시 > 서귀포시내,#친구 #맑음 #테마공원 #쇼핑 #체험관광 #청년 #카트 #레이싱 #체험 #어린이 #어트랙션 #무장애관광,5,3,140,2
유민미술관,서귀포시 > 성산,#비.눈 #사계절 #실내관광지 #문화관광 #미술관 #어트랙션,5,4,70,2
유진팡 열대과일농장,서귀포시 > 남원,#어린이동물농장 #반려동물동반_관광지 #반려동물 #포토스팟 #농장 #유채꽃 #동백 #수국 #봄꽃 #자연경관 #어린이,5,1,8,2
제주 에코 스위츠 펜션,서귀포시 > 서귀포시내,#휴양펜션 #펜션 #조식 #바비큐 #반려동물보호소 #스파 #공공와이파이존 #해수욕장 #독채 #계곡 #수상레저 #레저/체험 #반려동물동반입장 #반려동물 #반려동물동반_숙소 #착한가격업소,5,1,9,2
제주빅볼랜드,제주시 > 구좌,#가을 #체험 #레저/체험 #어린이 #어트랙션,5,5,202,2
제주올레 1-1코스,섬 속의 섬 > 우도,#맑음 #봄 #가을 #올레 #자연경관 #도보여행 #도보,5,8,56,2
제주올레 11코스,서귀포시 > 대정,#혼자 #봄 #가을 #자연경관 #도보여행 #도보,5,1,20,2
제주올레 14-1코스,서귀포시 > 안덕,#혼자 #봄 #자연경관 #도보여행 #도보,3,0,19,2
제주올레 16코스,제주시 > 애월,#혼자 #가을 #자연경관 #도보여행 #도보,5,1,68,2
제주올레 21코스,제주시 > 구좌,#혼자 #봄 #가을 #자연경관 #도보여행 #도보,5,4,21,2
제주올레 2코스,서귀포시 > 성산,#봄 #가을 #자연경관 #도보여행 #도보,3,3,32,2
차귀도유람선,제주시 > 한경,#차귀도유람선 #섬여행 #자연경관 #체험 #도보여행 #도보 #어트랙션 #반려동물 #반려동물동반입장 #반려동물동반_관광지,4,2,17,2
초콜릿랜드,서귀포시 > 중문,#비.눈 #겨울 #사계절 #실내관광지 #어린이 #어트랙션,4,4,145,2
추사 유배길 - 3코스 사색의 길,서귀포시 > 대정,#문화관광 #도보여행 #도보 #어트랙션,5,3,20,2
추사적거지,서귀포시 > 대정,#문화관광 #역사유적 #어린이 #어트랙션 #무장애관광,5,1,41,2
카페희상,서귀포시 > 표선,#아이스크림 #음식 #티라미수 #아메리카노 #차 #브런치 #반려동물 #반려동물동반입장 #반려동물동반_식당카페 #에스프레소 #에스프레소마키아또 #에스프레소더블 #카푸치노 #카페모카 #카페라떼 #바닐라라떼 #연유라떼 #초코라떼 #라떼 #캐모마일 #홍차 #청귤차 #유자차 #장미차 #꿀차 #케이크 #크로아상 #팥빙수 #샌드위치 #크로와상샌드위치,5,0,16,2
클럽나인브릿지,서귀포시 > 안덕,#레저/체험 #어트랙션,5,0,3,2
태흥포구,서귀포시 > 남원,#친구 #휴식/힐링 #해변 #자연경관,5,0,8,2
토끼섬,제주시 > 구좌,#친구 #커플 #혼자 #안개/흐림 #맑음 #봄 #여름 #가을 #겨울 #중/장년 #청년 #노년 #자연경관 #섬속의섬,5,1,57,2
피규어뮤지엄 제주,서귀포시 > 안덕,#비.눈 #흐림 #겨울 #실내관광지 #어린이 #어트랙션,5,7,224,2
하멜기념비,서귀포시 > 안덕,#역사유적,5,3,33,2
하예포구(예래포구),서귀포시 > 서귀포시내,#여름 #자연경관 #역사유적,4,1,4,2
화순금모래해수욕장담수수영장,서귀포시 > 안덕,#커플 #아이 #맑음 #여름 #체험 #레저/체험 #해변 #물놀이 #어린이 #어트랙션,3,3,22,2
화조원,제주시 > 애월,#실내관광지 #어린이 #어트랙션 #어린이동물농장 #우수관광사업체,5,3,107,2
1112도로,제주시 > 제주시내,#자연경관,5,4,141,1
9.81 파크,제주시 > 애월,#친구 #테마공원 #액티비티 #그래비티레이싱 # 스마트레이싱테마파크 #제주애월여행 #제주도카트 #제주데이트 #제주가볼만한곳 #반려동물동반_관광지,5,9,429,1
M1971 요트투어,서귀포시 > 대정,#체험 #포토스팟 #waterleisure #수상레저 #어트랙션 #관광지 #무장애관광,5,1,31,1
개오름,서귀포시 > 표선,#맑음 #오름 #자연경관 #도보여행 #도보,5,1,7,1
게우지코지,서귀포시 > 서귀포시내,#경관/포토 #올레 #자연경관 #포토스팟,5,5,42,1
고근산(고공산),서귀포시 > 서귀포시내,#맑음 #자연경관 #단풍,0,1,5,1
"고내봉(고내오름,고니오름,망오름)",제주시 > 애월,#봄 #자연경관 #도보여행 #도보,5,0,5,1
곤흘동(곤을동) 마을터,제주시 > 제주시내,#제주4.3 #역사유적 #마을산책 #마을관광 #어트랙션,5,1,1,1
관음사 템플스테이,제주시 > 제주시내,#흐림 #사계절 #문화관광 #체험 #한라산 #언택트 #어트랙션,5,2,3,1
귀덕연대,제주시 > 한림,#역사유적,3,0,5,1
귀빈사,제주시 > 구좌,#봄 #문화관광 #역사유적 #어트랙션,5,1,35,1
그대와함께라면,서귀포시 > 성산,#음식 #왕만두 #딱새우찜 #라면 #칼국수 #반려동물 #반려동물동반입장 #반려동물동반_식당카페 #보말칼국수 #딱새우 #어묵탕 #햄버거 #돈까스 #돈가스 #새우튀김 #감자튀김 #문어라면 #해산물 #전복 #소라 #멍게 #해삼,5,1,28,1
금능포구,제주시 > 한림,#아이 #자연경관 #역사유적 #어린이,5,1,24,1
김녕 청굴물,제주시 > 구좌,#체험 #레저/체험 #수상레저 #어트랙션,5,0,44,1
김만덕기념관,제주시 > 제주시내,#비.눈 #겨울 #문화관광 #어트랙션 #무장애관광 #공영관광지,4,3,32,1
납읍난대림 금산공원,제주시 > 애월,#자연경관,5,1,12,1
넌걸어난탈래,섬 속의 섬 > 우도,#맑음 #가을 #체험 #레저/체험 #어트랙션,5,0,49,1
노을승마장,섬 속의 섬 > 우도,#레저/체험 #어트랙션,5,1,30,1
노을해안1014,제주시 > 한경,#레저/체험 #어트랙션 #관광지,5,3,18,1
당케산물(당케포구),서귀포시 > 표선,#자연경관 #역사유적,5,0,13,1
대정향교,서귀포시 > 안덕,#자연경관 #문화관광 #역사유적,5,0,13,1
돌담넘는고양이,제주시 > 구좌,#반려동물동반입장 #전복콩나물국밥 #전복얼큰해물라면 #반려동물동반_식당카페 #음식 #식당,5,0,4,1
동일리포구,서귀포시 > 대정,#자연경관 #역사유적,5,0,4,1
돛오름,제주시 > 구좌,#도보여행 #도보,5,1,19,1
뒤굽은이오름,서귀포시 > 성산,#오름 #자연경관 #도보여행 #도보,5,0,4,1
레이지펌프,제주시 > 애월,#음식 #카페 #에이드 #오렌지에이드 #복숭아에이드 #레몬에이드 #스무디 #초코라떼 #헤이즐넛라떼 #라떼 #에스프레소 #아메리카노 #카페라떼 #바닐라라떼 #빵 #말차라떼 #반려동물 #반려동물동반입장 #혼저옵서개 #반려동물동반_식당카페,5,0,1,1
레프트핸더 게스트하우스,제주시 > 구좌,#민박 #반려동물보호소 #해수욕장 #공공와이파이존 #조식 포함 #반려동물동반입장 #반려동물 #반려동물동반_숙소,5,0,1,1
마라도 섬투어,서귀포시 > 대정,#체험 #도보 #도보여행 #언택트 #포토스팟 #섬속의섬 #어트랙션,5,1,25,1
막숙,서귀포시 > 서귀포시내,#용천수 #물놀이 #자연경관,1,2,66,1
말이,제주시 > 구좌,#음식 #치즈떡볶이 #김말이튀김 #김밥 #해물라면 #새우튀김 #라면 #2022고메페스타 #반려동물 #반려동물동반입장 #반려동물동반_식당카페 #오징어튀김 #고구마튀김 #단호박튀김 #피쉬&칩스 #왕새우튀김 #계란라면 #모둠튀김 #술 #수제맥주 #생맥주 #수입맥주,4,1,10,1
맬튼개 갯담,제주시 > 구좌,#친구 #휴식/힐링 #해변 #어린이,5,0,24,1
메리앤폴,제주시 > 한림,#함박스테이크 #음식 #스파게티 #미트볼스파게티 #알리오올리오스파게티 #해물파스타 #크림파스타 #미트볼파스타 #오일파스타 #새우로제파스타 #아메리카노 #카페라떼 #에스프레소 #반려동물 #반려동물동반입장 #반려동물동반_식당카페 #돈가스 #그라탕 #토마토파스타 #새우크림파스타 #알리오올리오파스타 #바닐라라떼 #핫초코 #카푸치노 #차 #아이스티,5,0,15,1
명월국민학교,제주시 > 한림,#음식 #차 #청귤차 #꽃차 #아메리카노 #바닐라라떼 #카페라떼 #녹차라떼 #2022고메페스타 #반려동물 #반려동물동반입장 #반려동물동반_식당카페 #라떼 #카푸치노 #티라미수 #카라멜라떼 #카페모카 #얼그레이 #캐모마일 #페퍼민트 #자몽차 #에이드 #자몽에이드 #미숫가루라떼 #초코라떼 #밀크티 #아이스티 #떡볶이 #어묵 #돈까스 #주스 #케이크 #치즈케이크 #아이스크림,5,2,75,1
모슬봉 (모슬개오름),서귀포시 > 대정,#친구 #아이 #맑음 #오름 #자연경관 #도보여행 #도보 #어린이,5,0,9,1
모진이몽돌해변,섬 속의 섬 > 추차도,#여름 #자연경관 #포토스팟,5,0,21,1
목시물굴,제주시 > 조천,#제주4.3 #역사유적 #어트랙션,5,1,2,1
목장카페 드르쿰다,서귀포시 > 표선,#체험 #어린이 #어트랙션 #반려동물 #반려동물동반입장 #혼저옵서개 #반려동물동반_관광지,5,2,110,1
묘산봉 (괴살메),제주시 > 구좌,#맑음 #오름 #자연경관,5,1,3,1
무거버거,제주시 > 조천,#양식 #음식 #식당 #햄버거 #감자튀김 #밀크쉐이크 #아메리카노 #카페라떼 #쉐이크 #녹차쉐이크 #반려동물 #반려동물동반입장 #반려동물동반_식당카페,5,0,7,1
무등이왓터,서귀포시 > 안덕,#어트랙션,5,0,1,1
문도지오름 (문돗지),제주시 > 한림,#도보여행 #도보,5,0,25,1
문석이오름 [출입제한 - 자연휴식년제 적용 중],제주시 > 구좌,#친구 #아이 #맑음 #오름 #자연경관 #도보여행 #도보,4,1,1,1
미천굴,서귀포시 > 성산,#아이 #맑음 #여름 #자연경관 #포토스팟 #어린이 #무장애관광,3,4,112,1
민속해안로,서귀포시 > 표선,#맑음,4,0,36,1
바늘오름,제주시 > 조천,#친구 #경관/포토 #휴식/힐링 #체험관광 #액티비티 #오름 #사계절 #청년 #중/장년 #휴식/치유 #자연경관 #체험 #도보여행 #도보 #레저/체험 #포토스팟,5,0,8,1
바람모루,서귀포시 > 서귀포시내,#자연경관 #어린이,5,0,9,1
박성내,제주시 > 제주시내,#제주4.3 #역사유적 #어트랙션,5,1,2,1
발자국화석공원,서귀포시 > 대정,#경관/포토 #문화유적지 #사계절,3,1,47,1
밧돌오름,제주시 > 구좌,#친구 #아이 #맑음 #오름 #자연경관 #도보여행 #도보 #어린이,5,1,5,1
방선문,제주시 > 제주시내,#자연경관 #물놀이,5,1,22,1
베릿네오름,서귀포시 > 중문,#도보여행 #도보,5,1,7,1
보물섬하이킹,제주시 > 제주시내,#어트랙션,5,6,11,1
볼레낭길,서귀포시 > 안덕,#도보,5,0,11,1
북촌포구,제주시 > 제주시내,#맑음 #겨울 #자연경관 #문화관광 #역사유적 #2022_마을산책_봄 #Moment_봄,5,1,7,1
북촌환해장성,제주시 > 조천,#흐림 #문화유적지 #청년 #중/장년 #문화관광 #역사유적 #어린이 #2022_마을산책_봄 #Moment_봄,5,0,9,1
브릭캠퍼스,제주시 > 제주시내,#비.눈 #겨울 #실내관광지 #어린이 #캠핑 #캠핑장 #언택트 #어트랙션,5,15,243,1
블란디야,서귀포시 > 서귀포시내,#올레길 #수상레저 #바비큐 #반려동물보호소 #교통 #반려동물동반입장 #반려동물 #반려동물동반_숙소,3,0,2,1
비자림농원,제주시 > 조천,#키위 #어린이 #어트랙션,0,1,57,1
비치미오름,제주시 > 구좌,#친구 #아이 #맑음 #경관/포토 #오름 #자연경관 #도보여행 #도보 #포토스팟 #어린이,5,1,6,1
빛의 벙커,서귀포시 > 성산,#미술관 #실내관광지 #우수관광사업체,5,2,65,1
빠우사,제주시 > 조천,#음식 #디저트 #웰니스 #관광지,5,1,3,1
산방산 수국,서귀포시 > 서귀포시내,#친구 #커플 #맑음 #여름 #자연경관 #포토스팟 #어트랙션 #수국,5,0,61,1
산천단곰솔,제주시 > 제주시내,#친구 #휴식/힐링 #자연경관,5,0,8,1
삼각봉,제주시 > 제주시내,#친구 #경관/포토 #오름 #사계절 #자연경관 #포토스팟,5,1,6,1
삼매봉,서귀포시 > 서귀포시내,#친구 #맑음 #아이 #경관/포토 #휴식/힐링 #오름 #사계절 #자연경관 #포토스팟 #어린이,5,1,3,1
서광리 곶자왈생태탐방로,서귀포시 > 안덕,#여름 #도보여행 #도보 #곶자왈 #숲,5,0,20,1
서귀포예술의전당,서귀포시 > 서귀포시내,#흐림 #사계절 #실내관광지 #문화관광 #어트랙션 #무장애관광,5,1,3,1
서귀포흑돈,서귀포시 > 서귀포시내,#고등어구이 #음식 #반려동물 #반려동물동반입장 #반려동물동반_식당카페,5,0,19,1
서복전시관,서귀포시 > 서귀포시내,#어트랙션 #무장애관광 #공영관광지,5,1,8,1
서프라이즈테마파크,제주시 > 조천,#경관/포토 #미술/박물관 #전시와 행사 #우수관광사업체 #체험 #포토스팟 #어린이 #어트랙션 #안전여행스탬프 #무장애관광 #반려동물 #반려동물동반입장 #혼저옵서개 #반려동물동반_관광지,5,3,124,1
선흘1리,제주시 > 조천,#역사유적,5,0,8,1
섬속의섬우도렌트,섬 속의 섬 > 우도,#체험 #레저/체험 #어트랙션,5,1,20,1
성김대건신부표착기념관,제주시 > 한경,#실내관광지 #문화관광 #어트랙션 #무장애관광,3,1,17,1
성불오름,제주시 > 구좌,#친구 #아이 #오름 #자연경관 #도보여행 #도보 #어린이,5,1,7,1
성산 유채꽃재배단지,서귀포시 > 성산,#경관/포토 #자연경관 #포토스팟 #봄꽃 #유채꽃,5,6,115,1
성산풀하우스,서귀포시 > 성산,#독채 #바비큐 #반려동물보호소 #공공와이파이존 #단체여행객 #해수욕장 #온돌방 #반려동물동반입장 #반려동물 #무장애관광 #반려동물동반_숙소,5,2,3,1
세계술박물관,서귀포시 > 표선,#비.눈 #겨울 #실내관광지 #문화관광 #박물관 #어트랙션,4,3,103,1
세리월드 테마파크,서귀포시 > 서귀포시내,#실내관광지 #체험 #레저/체험 #어린이 #테마공원 #어트랙션,5,6,203,1
소라의성,서귀포시 > 서귀포시내,#실내관광지 #문화관광 #어트랙션,5,1,10,1
쇠소깍해양레저타운,서귀포시 > 서귀포시내,#커플 #맑음 #여름 #체험 #레저/체험 #물놀이 #어트랙션,3,1,70,1
수산저수지,제주시 > 애월,#포토스팟,5,0,17,1
시크릿가든촬영지,서귀포시 > 중문,#휴식/힐링 #포토스팟 #어트랙션,5,2,166,1
신화워터파크,서귀포시 > 안덕,#실내관광지 #체험 #레저/체험 #어린이 #수상레저 #테마공원 #어트랙션 #안전여행스탬프 #제주신화월드 #무장애관광,5,2,63,1
신흥바다낚시공원(낚고락고),제주시 > 조천,# 이색체험,5,0,0,1
쌍용굴(한림공원),제주시 > 한림,#흐림 #여름 #자연경관 #포토스팟 #무장애관광,5,2,98,1
알오름(표선면),서귀포시 > 표선,#도보여행 #도보,1,1,7,1
알프스승마장포니,서귀포시 > 표선,#가을 #체험 #레저/체험 #어트랙션 #무장애관광,3,0,27,1
애월 하물,제주시 > 애월,#자연경관 #어린이,4,1,16,1
야크마을,서귀포시 > 서귀포시내,#수영장 #체험 #레저/체험 #음식 #식당 #한식 #카페 #가족호텔 #반려동물 #반려동물동반입장 #혼저옵서개 #반려동물동반_숙소,5,2,2,1
어린이교통공원,제주시 > 제주시내,#액티비티 #체험관광 #실내관광지 #체험 #레저/체험 #포토스팟 #어린이 #어트랙션,0,1,16,1
엠버퓨어힐호텔&리조트,제주시 > 제주시내,#반려동물동반_숙소,5,0,0,1
예촌민박,서귀포시 > 남원,#고향민박 #자연경관 #자연학습장 #힐링 #반려동물동반_숙소 #반려동물동반입장 #반려동물,5,0,2,1
오데뜨,제주시 > 한림,#음식 #리조또 #우동 #스테이크 #반려동물 #반려동물동반입장 #반려동물동반_식당카페 #크림우동 #알리오올리오파스타 #새우파스타 #흑돼지 #덮밥 #전복리조또 #안심스테이크 #샐러드 #삼합 #바게트 #레몬에이드 #에이드 #와인,3,1,16,1
오백나한,서귀포시 > 서귀포시내,#포토스팟 #물놀이,5,0,14,1
오현단,제주시 > 제주시내,#역사유적 #어트랙션,5,3,6,1
온평리 포구,서귀포시 > 성산,#봄 #자연경관 #역사유적,4,1,10,1
와흘본향당,제주시 > 조천,#어트랙션 #2023_관광10선_봄 #Moment_봄,5,0,10,1
왈종미술관,서귀포시 > 서귀포시내,#비.눈 #겨울 #실내관광지 #미술관 #문화관광 #어트랙션 #무장애관광,5,2,46,1
왕이메오름,서귀포시 > 안덕,#휴식/힐링 #경관/포토 #혼자 #친구 #맑음 #흐림 #자연경관 #체험 #도보여행 #도보 #레저/체험 #포토스팟 #어트랙션,4,0,6,1
외도339,제주시 > 제주시내,#청귤청에이드 #바밤바밀크티 #음식 #카페 #반려동물동반_식당카페,5,0,4,1
용수항,제주시 > 한경,#혼자 #친구 #커플 #올레 #역사유적,5,1,9,1
우도올레보트,섬 속의 섬 > 우도,#체험 #레저/체험 #수상레저 #어트랙션,5,0,18,1
월대천,제주시 > 제주시내,#자연경관 #어린이,5,0,15,1
유건에오름,서귀포시 > 성산,#도보여행 #도보,5,2,4,1
유동룡미술관,제주시 > 한림,#건축문화기행 #2023_관광10선_가을,5,1,3,1
이덕구 산전,제주시 > 조천,#제주4.3 #역사유적 #어트랙션,5,1,1,1
이음새 농장,서귀포시 > 남원,#어트랙션,5,1,5,1
인스밀,서귀포시 > 대정,# 제주보리 # 보리과즐 # 보리스콘 #반려동물 #반려동물동반입장 #혼저옵서개 #반려동물동반_식당카페,5,0,4,1
"자배봉(자배오름,망오름)",서귀포시 > 남원,#도보여행 #도보,5,0,4,1
절부암,제주시 > 한경,#자연경관 #무장애관광,4,0,4,1
제주901,제주시 > 제주시내,#휴식 #커플 #음식 #식당 #브런치 #비건 #샐러드 #아메리카노 #스무디 #샌드위치 #버섯샌드위치 #아보카도샐러드 #콩샐러드 #수프류 #쿠키 #러닝홀리데이인제주,5,5,6,1
제주고산리유적,제주시 > 한경,#토기 #자연경관 #문화관광 #체험 #역사유적 #어트랙션 #반려동물 #반려동물동반입장 #반려동물동반_관광지 #무장애관광,5,0,3,1
제주난타,제주시 > 제주시내,#남자 #부모 #친구 #커플 #전시/행사 #비/바람/눈 #실내관광지 #어트랙션 #무장애관광,5,2,60,1
제주돌창고,제주시 > 한경,#친구 #아이 #카페 #음식 #차 #떡 #에이드 #팥빙수 #아메리카노 #에스프레소 #식당 #전통음료 #말차라떼 #석류차 #석류에이드 #라떼 #카페라떼 #바닐라라떼 #양갱 #초코라떼 #우수관광사업체 #반려동물 #반려동물동반입장 #혼저옵서개 #반려동물동반_식당카페,5,1,11,1
제주라프 짚라인,제주시 > 조천,#여름 #가을 #체험 #레저/체험 #어트랙션 #무장애관광,5,7,229,1
제주롯데스카이힐컨트리클럽,서귀포시 > 서귀포시내,#레저/체험 #어트랙션 #무장애관광,5,0,0,1
제주민속식품,제주시 > 구좌,#쇼핑 #관광기념품 #상점/상가,5,0,16,1
제주바다체험장,제주시 > 구좌,#어린이 #수상레저 #어트랙션,4,1,29,1
제주베스트힐 펜션&글램핑,제주시 > 조천,#휴양펜션 #펜션 #독채 #한옥 #온돌방 #바비큐 #수영장 #체험 #공공와이파이존 #언택트,4,2,4,1
제주성지,제주시 > 제주시내,#역사유적 #무장애관광,3,1,36,1
제주스쿠터여행,제주시 > 제주시내,#맑음 #체험 #레저/체험 #어트랙션,5,1,24,1
제주승마공원,제주시 > 애월,#커플 #체험 #레저/체험 #어트랙션 #무장애관광 #러닝홀리데이인제주,5,2,73,1
제주안전체험관,제주시 > 애월,#실내관광지 #체험 #어린이 #어트랙션 #관광지,5,2,24,1
제주애단비,제주시 > 한림,#휴양펜션 #독채 #풀빌라 #수영장 #반려동물보호소 #반려동물동반입장 #반려동물 #반려동물동반_숙소,3,0,3,1
제주어울림감귤체험농장,서귀포시 > 성산,#관광지,5,1,15,1
제주에인감귤밭,서귀포시 > 서귀포시내,# 프렌치토스트 # 봉귤주스 # 반려동물 #반려동물동반입장 #혼저옵서개 #반려동물동반_식당카페,5,0,2,1
제주올레 12코스,서귀포시 > 대정,#혼자 #봄 #가을 #자연경관 #도보여행 #도보,5,3,8,1
제주올레 13코스,제주시 > 한경,#혼자 #봄 #자연경관 #도보여행 #도보,3,1,13,1
제주올레 15-B코스,제주시 > 한림,#맑음 #올레 #봄 #가을 #도보여행 #도보,5,0,28,1
제주올레 18-1코스,섬 속의 섬 > 추차도,#혼자 #봄 #가을 #자연경관 #도보여행 #도보,5,1,12,1
제주워터월드,서귀포시 > 서귀포시내,#맑음 #액티비티 #실내관광지 #체험 #레저/체험 #어린이 #수상레저 #어트랙션,5,1,28,1
제주제트,서귀포시 > 서귀포시내,#체험 #레저/체험 #해변 #물놀이 #어트랙션 #안전여행스탬프,5,2,50,1
제주카트클럽,제주시 > 한림,#맑음 #액티비티 #체험 #레저/체험 #어린이 #어트랙션,5,1,41,1
제주항 국제크루즈터미널,제주시 > 제주시내,#커플 #혼자 #비/바람/눈 #안개/흐림 #맑음 #중/장년 #청년 #노년 #,5,0,3,1
제주항일기념관,제주시 > 조천,#겨울 #실내관광지 #어트랙션 #무장애관광 #공영관광지,5,0,23,1
제주향교,제주시 > 제주시내,#실내관광지 #역사유적 #어트랙션 #무장애관광,5,0,33,1
좌보미오름,서귀포시 > 표선,#맑음 #오름 #자연경관 #도보여행 #도보,5,0,9,1
중엄리새물,제주시 > 애월,#포토스팟,5,4,20,1
지그리오름 (큰지그리),제주시 > 조천,#도보여행 #도보,5,0,4,1
차귀도달래배낚시체험,제주시 > 한경,# 이색체험,5,0,1,1
차귀도요트,제주시 > 한경,#맑음 #체험 #레저/체험 #어트랙션,5,1,25,1
참살이마을 명도암 농어촌체험마을,제주시 > 제주시내,#흐림 #사계절 #체험 #마을산책 #마을관광 #어트랙션,5,0,5,1
"천아오름(틍낭오름,天娥岳)",제주시 > 애월,#아이 #흐림 #자연경관 #도보여행 #도보 #어린이,3,0,4,1
천지연기정길,서귀포시 > 서귀포시내,#도보여행 #도보,4,0,18,1
초원게스트하우스,섬 속의 섬 > 우도,#카페 #우도 #조식 포함 #공공와이파이존 #교통 #해수욕장 #단체여행객 #반려동물보호소 #가족 #바비큐 #수상레저 #안전인증민박 #반려동물동반입장 #반려동물 #반려동물동반_숙소,5,0,5,1
추사 유배길 - 2코스 인연의 길,제주시 > 한경,#문화관광 #도보여행 #도보 #어트랙션,5,0,11,1
추자도 숭어체험장,섬 속의 섬 > 추차도,#액티비티 #청년 #휴식/치유 #경관/포토 #체험 #레저/체험 #포토스팟 #수상레저 #어트랙션,5,1,9,1
추자등대,섬 속의 섬 > 추차도,#가을 #포토스팟,5,0,7,1
카카오본사(구 스페이스닷원),제주시 > 제주시내,#아이 #실내관광지 #문화관광 #어린이 #어트랙션 #포토스팟 #제주명품42 #제주7대건축물,0,1,23,1
케이제주씨워킹,서귀포시 > 대정,#커플 #맑음 #여름 #체험 #레저/체험 #해변 #물놀이 #어트랙션,5,1,79,1
큰바리메오름,제주시 > 애월,#휴식/힐링 #친구 #커플 #혼자 #자연경관 #도보여행 #도보,5,0,6,1
토이승마장,서귀포시 > 안덕,#가을 #체험 #레저/체험 #어트랙션,5,1,11,1
통오름,서귀포시 > 성산,#휴식/치유 #경관/포토 #액티비티 #친구 #혼자 #커플 #자연경관 #체험 #도보여행 #도보 #레저/체험 #포토스팟 #어트랙션,5,2,4,1
통일관,제주시 > 제주시내,#역사유적 #어트랙션,5,1,0,1
트라이브,제주시 > 애월,#굿즈 #오션뷰 #스풀레 #한라봉소르베에이드 #반려동물동반_식당카페 #음식 #카페,5,0,4,1
"판포오름 (널개오름, 板浦岳)",제주시 > 한경,#도보여행 #도보,5,0,5,1
팜핑제주,서귀포시 > 서귀포시내,#언택트 #캠핑 #바비큐 #교통 #공공와이파이존 #부대시설,3,1,1,1
평화통일 불사리탑,제주시 > 조천,#역사유적,3,1,1,1
플레이박스VR,제주시 > 제주시내,#비.눈 #흐림 #사계절 #실내관광지 #어린이 #어트랙션,4,11,80,1
핀크스 골프클럽,서귀포시 > 안덕,#레저/체험 #어트랙션 #럭셔리트래블인제주,4,2,1,1
하도어촌체험마을,제주시 > 구좌,#바릇잡이 #낚시 #체험 #레저/체험 #포토스팟 #어트랙션 #러닝홀리데이인제주,5,3,30,1
한국야구명예전당(야구박물관),서귀포시 > 서귀포시내,#실내관광지 #문화관광 #박물관 #어트랙션,3,1,15,1
함덕잠수함(이고제주),제주시 > 조천,#함덕 #체험 #레저/체험 #어린이 #수상레저 #어트랙션,5,0,80,1
해거름전망대,제주시 > 한경,#어트랙션,5,0,50,1
해녀의 태왁,제주시 > 구좌,#어린이 #어트랙션 #무장애관광,5,2,6,1
훈데르트바서파크,섬 속의 섬 > 우도,#포토스팟 #관광지 #무장애관광,5,0,13,1
브랭섬홀아시아 아이스링크,서귀포시 > 대정,#어린이 #실내관광지,0,0,2,0
(주)제주해양레저 투명카약,제주시 > 애월,#커플 #맑음 #체험 #레저/체험 #해변 #물놀이 #수상레저 #어트랙션,0,0,98,0
4·3해원방사탑,제주시 > 제주시내,#제주4.3 #역사유적 #어트랙션,0,0,1,0
513텐동,제주시 > 제주시내,#반려동물 #반려동물동반입장 #텐동 #식당 #반려동물동반_식당카페 #음식,0,0,3,0
9연대 본부 옛터,서귀포시 > 대정,#제주4.3 #역사유적 #어트랙션,0,1,0,0
Cafe 몽스파,제주시 > 제주시내,#반려동물동반_관광지,0,0,1,0
minagrooming(미나그루밍),제주시 > 한림,#반려동물동반입장 #혼저옵서개 #반려동물공간_기타,0,0,0,0
OK승마장,서귀포시 > 표선,# 승마 # 이색체험,0,0,1,0
SM 디지털아트 뮤지엄,제주시 > 애월,#친구 #아이 #사계절 #실내관광지 #문화관광 #어린이 #어트랙션,0,0,29,0
WE호텔 웰니스센터,서귀포시 > 서귀포시내,#테라피 #헬스케어 #호텔 #어트랙션 #럭셔리트래블인제주,0,6,14,0
가마오름,제주시 > 한경,#도보여행 #도보,0,0,20,0
가마오름 진지동굴,제주시 > 한경,#동굴 #오름 #문화관광 #역사유적 #도보여행 #도보 #어린이 #어트랙션,0,2,26,0
가메오름,제주시 > 애월,#자연경관 #도보여행 #도보,0,1,11,0
가문이오름(감은이오름),서귀포시 > 표선,#맑음 #오름 #가을 #자연경관 #도보여행 #도보,0,1,2,0
가세오름,서귀포시 > 표선,#도보여행 #도보,0,0,2,0
가시림,서귀포시 > 표선,# 감귤따기 # 귤따기체험 # 정원카페,0,0,0,0
가야금이 흐르는 제주,제주시 > 제주시내,#음악 #추억 #러닝홀리데이인제주,0,0,0,0
가파초등학교 마라분교장,섬 속의 섬 > 마라도,#포토스팟 #어트랙션,0,1,1,0
각시바우오름,서귀포시 > 서귀포시내,#맑음 #오름 #자연경관 #도보여행 #도보,0,0,3,0
간세공방,서귀포시 > 서귀포시내,#사계절 #체험 #레저/체험 #어트랙션,0,1,29,0
감귤박물관 월라봉 산책로 - 생이소리길,서귀포시 > 서귀포시내,#휴식/힐링 #자연경관 #체험 #실내관광지 #문화관광 #박물관 #도보여행 #도보 #언택트 #어트랙션 #관광지,0,3,10,0
감귤상웨빵 체험,서귀포시 > 남원,#감귤 #감귤상웨빵 #제주 전통 빵 #실내관광지 #체험 #어트랙션,0,1,31,0
감성을담다,제주시 > 구좌,# 룸스프레이 # 향기체험 # 체험,0,0,1,0
감수굴 밭담길,제주시 > 구좌,#도보여행 #도보,0,0,8,0
갑자기 히어로즈 벽화길,제주시 > 애월,#친구 #아이 #도보여행 #도보 #포토스팟 #어린이,0,2,27,0
갓전시관[갓전수교육관],제주시 > 조천,#비.눈 #사계절 #실내관광지 #어트랙션 #무장애관광 #공영관광지,0,1,9,0
강병대교회,서귀포시 > 대정,#문화관광 #역사유적 #어트랙션,0,0,4,0
강정어촌계,서귀포시 > 서귀포시내,#바릇잡이 #체험 #포토스팟 #어트랙션,4,1,25,0
개떼목장,서귀포시 > 안덕,#반려동물동반입장 #카페 #반려동물공간_기타,0,0,1,0
개미남,제주시 > 제주시내,#애견미용실,0,0,0,0
개오리오름,제주시 > 제주시내,#오름 #자연경관 #도보여행 #도보,0,0,2,0
개인공간,제주시 > 제주시내,#애견미용실 #애견유치원 #애견호텔,0,0,0,0
갤러리2 중선농원,제주시 > 제주시내,#전시 #예술 #문화 #카페 #실내관광지 #어트랙션,0,2,10,0
거린오름 (북오름),서귀포시 > 안덕,#도보여행 #도보,0,0,3,0
거믄여해안경승지,서귀포시 > 서귀포시내,#자연경관 #포토스팟,0,0,37,0
거인의 정원,제주시 > 제주시내,#카페 #실내관광지 #문화관광 #어트랙션,0,0,7,0
거친오름,제주시 > 제주시내,#친구 #맑음 #오름 #자연경관 #도보여행 #도보,0,1,5,0
건강장수마을 산양리 농어촌체험마을,제주시 > 한경,#사계절 #체험 #마을산책 #마을관광 #어린이 #어트랙션,0,0,4,0
걸매예술마을,서귀포시 > 서귀포시내,#문화관광 #마을산책 #마을관광 #어트랙션,0,0,50,0
걸서악오름,서귀포시 > 남원,#오름 #자연경관 #도보여행 #도보 #포토스팟,0,0,1,0
고려민박,섬 속의 섬 > 추차도,#민박 #농어촌민박 #교통 #공공와이파이존 #반려동물동반_숙소 #반려동물동반입장 #반려동물,0,0,1,0
고마워토토 아뜰리에,제주시 > 애월,#라자냐 #치킨 #음식 #크림파스타 #파스타 #짜장면 #케이크 #피자,0,2,31,0
고사리숲,제주시 > 애월,#자연경관 #체험 #숲 #어린이,0,0,10,0
고살리숲길,서귀포시 > 서귀포시내,#걷기/등산 #트레킹 #계곡 #자연경관 #체험 #도보여행 #도보 #숲 #숲길 #언택트 #물놀이,0,0,44,0
고성2119펜션위플레이독,서귀포시 > 성산,#반려동물동반입장 #혼저옵서개 #반려동물동반_숙소,0,0,0,0
고씨주택,제주시 > 제주시내,#사계절 #휴식/치유 #문화관광 #포토스팟 #어트랙션 #관광지,0,1,14,0
고요산책,제주시 > 제주시내,#체험관광 #사계절 #휴식/치유 #체험 #어트랙션 #관광지,0,1,5,0
고포잇다이브센터,서귀포시 > 서귀포시내,#레저/체험 #waterleisure #수상레저 #어트랙션 #관광지,0,1,7,0
고흐의 정원,서귀포시 > 성산,#친구 #아이 #사계절 #미술 #체험전시 #자연경관 #실내관광지 #문화관광 #체험 #어린이 #어트랙션,0,0,78,0
곤물,서귀포시 > 안덕,#문화관광 #역사유적 #물놀이,0,1,4,0
골프탕탕,서귀포시 > 안덕,#커플 #체험 #레저/체험 #어트랙션,0,1,13,0
곱뜨락아띠 향수공방,서귀포시 > 안덕,# 안덕면 # 사계리 # 향수체험 # 향수공방,0,0,0,0
곽지패총,제주시 > 애월,#역사유적,0,0,5,0
관음사 군 주둔지 옛터,제주시 > 제주시내,#제주4.3 #역사유적 #한라산 #언택트 #어트랙션,0,1,1,0
구엄포구,제주시 > 애월,#맑음 #자연경관 #역사유적,0,0,16,0
굴동포구,제주시 > 구좌,#자연경관 #역사유적,0,0,3,0
굿다이버,서귀포시 > 서귀포시내,#액티비티 #레저/체험 #수상레저 #어트랙션,0,2,9,0
궁대오름(궁대악),서귀포시 > 성산,#경관/포토 #휴식/힐링 #테마공원 #오름 #사계절 #청년 #중/장년 #휴식/치유 #자연경관 #도보여행 #도보 #포토스팟,0,0,5,0
귤빛캠핑장,제주시 > 조천,#커플 #맑음 #여름 #체험 #레저/체험 #캠핑 #언택트 #어트랙션 #반려동물 #반려동물동반입장 #숙박 #반려동물동반_숙소 #반려동물동반_관광지,0,2,5,0
그녀들의 글수다,제주시 > 제주시내,#글쓰기 #책 # 러닝홀리데이인제주,0,0,0,0
그랑블루호(선상낚시),서귀포시 > 남원,#체험 #레저/체험 #수상레저 #어트랙션,0,0,26,0
그레이그로브,서귀포시 > 안덕,#캐모마일 #반려동물동반_식당카페 #음식 #카페,0,0,4,0
그루밍제주,서귀포시 > 서귀포시내,#애견미용실 #애견호텔 #애견유치원,0,0,0,0
그린페블,제주시 > 한림,# 체험공방 # 체험 # 아이,0,0,0,0
그림그리는펜션,서귀포시 > 성산,#민박 #독채 #반려동물보호소 #공공와이파이존 #해수욕장 #문화관광 #수상레저 #갯벌체험학습장 #바비큐 #가족 #단체여행객 #온돌방 #반려동물동반입장 #반려동물 #반려동물동반_숙소,0,1,1,0
그초록,제주시 > 구좌,#아보카도커피 #아보카도샌드위치 #음식 #샌드위치 #티라미수 #아메리카노 #스무디 #에이드 #반려동물 #반려동물동반입장 #반려동물동반_식당카페 #에스프레소 #카페라떼 #바닐라라떼 #클럽샌드위치 #샐러드 #생과일주스 #애플망고스무디 #라떼 #녹차라떼 #초코라떼 #아이스티 #복숭아아이스티 #차 #허브티 #페퍼민트 #루이보스 #자스민티,0,2,16,0
금능이큐스테이호텔,제주시 > 한림,#반려동물동반입장 #혼저옵서개 #반려동물동반_숙소,0,0,0,0
금능제면소,제주시 > 한림,# 반려동물 #반려동물동반입장 #혼저옵서개 #반려동물동반_식당카페,0,0,2,0
금당목장ATV,서귀포시 > 안덕,#체험관광 #액티비티 # 서귀포 # 안덕면 # 사계리 # ATV # 버기카 # 목장,0,0,0,0
금덕무환자나무및팽나무군락,제주시 > 애월,#역사유적,0,0,2,0
금룡사,제주시 > 구좌,#문화관광 #어트랙션,0,1,3,0
금룡사 템플스테이,제주시 > 구좌,#커플 #흐림 #사계절 #문화관광 #체험 #어트랙션,0,1,9,0
금붕사,제주시 > 구좌,#절 #실내관광지 #체험 #역사유적 #어트랙션,0,0,3,0
금성포구,제주시 > 애월,#자연경관 #역사유적,0,0,2,0
금요일의아침조금,제주시 > 제주시내,#서점 #책방 #반려동물 #반려동물동반입장 #혼저옵서개 #반려동물동반_식당카페,0,0,1,0
기독교순례길 1코스(순종의길),제주시 > 애월,#가을 #문화관광 #도보여행 #도보 #어트랙션,0,0,3,0
기독교순례길 2코스(순교의길),제주시 > 한림,#문화관광 #도보여행 #도보 #어트랙션,0,2,12,0
기독교순례길 3코스(사명의길),제주시 > 한림,#문화관광 #도보여행 #도보 #어트랙션,0,0,7,0
기독교순례길 4코스(화해의길),서귀포시 > 대정,#가을 #문화관광 #도보여행 #도보 #어트랙션,0,0,7,0
김녕사굴,제주시 > 구좌,#문화관광 #역사유적,0,10,67,0
김녕항,제주시 > 구좌,#맑음 #자연경관,0,0,10,0
김서프제주,서귀포시 > 서귀포시내,#체험 #수상레저 #레저/체험 #어트랙션,0,3,6,0
김영수도서관,제주시 > 제주시내,#문화관광 #어트랙션,0,0,0,0
김택화미술관,제주시 > 조천,#실내관광지 #문화관광 #어트랙션,0,0,7,0
김한미술관 & 카페3206,제주시 > 한림,#문화관광 #미술관 #어트랙션 #관광지,0,0,5,0
깅코,제주시 > 제주시내,#바다라떼 #버터크림라떼 #포토 #반려동물동반_식당카페 #음식,0,0,4,0
까끄래기오름,제주시 > 조천,#맑음 #경관/포토 #휴식/힐링 #테마공원 #액티비티 #가을 #오름 #사계절 #청년 #중/장년 #휴식/치유 #자연경관 #체험 #도보여행 #도보 #레저/체험 #포토스팟 #어트랙션,0,0,10,0
꼬라지오,서귀포시 > 서귀포시내,#에이드 #와플 #스무디 #피자 #반려동물동반_식당카페 #음식 #카페,0,0,3,0
꿈바당 어린이도서관,제주시 > 제주시내,#어트랙션,0,1,7,0
나드 보컬 스튜디오,제주시 > 제주시내,#입시 #오디션 #취미 #가수 #러닝홀리데이인제주,0,0,0,0
나무식탁,서귀포시 > 대정,#소바 #반려동물동반_식당카페 #음식 #식당,0,0,5,0
나바론절벽,섬 속의 섬 > 추차도,#자연경관 #포토스팟,0,1,11,0
낙천아홉굿마을 의자공원,제주시 > 한경,#친구 #아이 #맑음 #흐림 #경관/포토 #휴식/힐링 #테마공원 #체험관광 #사계절 #청년 #중/장년 #노년 #휴식/치유 #체험 #마을산책 #마을관광 #포토스팟 #어린이 #언택트 #어트랙션 #자연경관,0,0,17,0
난드르바당,서귀포시 > 서귀포시내,#김치찌개 #음식 #식당 #새우 #흑돼지김치찌개 #된장찌개 #냉면 #비빔냉면 #물냉면 #딱새우 #동태찌개 #고등어조림 #반려동물 #반려동물동반입장 #반려동물동반_식당카페,0,0,8,0
난산리다방,서귀포시 > 성산,# 반려동물 #반려동물동반입장 #혼저옵서개 #반려동물동반_식당카페,0,0,1,0
남내소,서귀포시 > 남원,#휴식/힐링 #경관/포토 #자연경관 #체험 #포토스팟 #어린이 #어트랙션,0,1,46,0
남두연대,제주시 > 애월,#문화관광 #역사유적 #어린이,0,0,4,0
남문지못,서귀포시 > 대정,#역사유적,0,1,12,0
남수각 하늘길 벽화거리,제주시 > 제주시내,#문화관광 #도보여행 #도보 #포토스팟,0,0,7,0
남원 위미2리 어촌계,서귀포시 > 남원,#바릇잡이 #올레5코스 #체험 #포토스팟 #어트랙션,0,0,11,0
남원항 (남원포구),서귀포시 > 남원,#사계절 #자연경관 #역사유적 #포토스팟 #언택트 #관광지,0,3,4,0
내창트레킹,서귀포시 > 남원,#걷기/등산 #체험관광 #내창트레킹 #효돈천 #자연경관 #체험 #어트랙션,0,0,5,0
너는파라다이스길리,제주시 > 구좌,#음식 #티라미수 #디저트 #커피 #아메리카노 #카페라떼 #카페모카 #바닐라라떼 #스무디 #에이드 #주스 #차 #패션후르츠에이드 #자몽에이드 #얼그레이 #얼그레이밀크티 #다즐링 #잉글리쉬브렉퍼스트 #홍차 #초코라떼 #쉐이크 #에스프레소 #카푸치노 #카라멜마끼아또 #크림라떼 #케이크 #치즈케이크 #팥붕어빵 #반려동물 #반려동물동반입장 #혼저옵서개 #반려동물동반_식당카페,0,0,3,0
너도나도 ATV,제주시 > 조천,#사계절,0,0,0,0
놀멍쉬멍고르멍(애견카페),서귀포시 > 서귀포시내,#반려동물동반_관광지,0,0,1,0
놀자개,제주시 > 제주시내,#애견미용실 #애견호텔 #애견유치원,0,0,0,0
농개,서귀포시 > 성산,#해변 #올레 #물놀이 #용천수 #낚시 #자연경관,0,0,20,0
누운오름(한림읍),제주시 > 한림,#자연경관 #도보여행 #도보,0,0,2,0
눈물의십자가,섬 속의 섬 > 추차도,#역사유적,0,2,18,0
느지리오름(망오름),제주시 > 한림,#자연경관 #도보여행 #도보,0,0,10,0
니모메빈티지라운지,제주시 > 제주시내,#음식 #카페 #브런치 #토스트 #케이크 #에스프레소 #아메리카노 #카페라떼 #카푸치노 #바닐라라떼 #아인슈페너 #오미자차 #레몬차 #허브티 #페퍼민트 #에이드 #레몬에이드 #아이스티 #반려동물 #반려동물동반입장 #혼저옵서개 #반려동물동반_식당카페,0,0,0,0
니모스토리,제주시 > 구좌,#여름 #해변 # 구좌읍 # 김녕 # 스노쿨링 # 패들보드 # 서핑,0,0,0,0
다니쉬,제주시 > 조천,#빵지순례 #음식 #식당 #빵 #베이커리 #토스트 #프렌치토스트 #샌드위치 #차 #밀크티 #홍차 #허브티 #커피 #라떼 #콜드브루 #반려동물 #반려동물동반입장 #혼저옵서개 #반려동물동반_식당카페,0,0,1,0
다랑쉬마을,제주시 > 구좌,#제주4.3 #역사유적 #마을산책 #마을관광 #어트랙션,0,2,5,0
다려도,제주시 > 조천,#자연경관 #포토스팟,0,0,9,0
다이브맵,서귀포시 > 서귀포시내,# 해양스포츠 # 러닝홀리데이인제주,0,0,0,0
단산과 방사탑,서귀포시 > 대정,#역사유적,0,0,5,0
달다제주,제주시 > 조천,# 스노우볼 # 모빌 # 체험,0,0,0,0
달이뜨는식탁,제주시 > 구좌,#새우로제파스타 #알리오올리오스파게티 #해산물덮밥 #크림파스타 #해산물토마토파스타 #해산물크림파스타 #해산물오일파스타 #반려동물동반_식당카페 #음식 #식당,0,0,5,0
달중이네펫호텔,제주시 > 제주시내,#반려동물동반입장 #혼저옵서개 #반려동물공간_기타,0,0,0,0
담화헌,제주시 > 제주시내,#제주옹기 #원데이 체험 #원데이 클래스 # 러닝홀리데이인제주,0,0,0,0
당오름(안덕면),서귀포시 > 안덕,#도보여행 #도보,0,0,2,0
당포로나인돈카츠,서귀포시 > 표선,#우동 #반려동물동반_식당카페 #음식 #식당,0,0,4,0
대림리선돌,제주시 > 한림,#어트랙션,0,0,0,0
대수포구,제주시 > 한림,#자연경관 #역사유적,0,0,1,0
"대왕산 (왕뫼, 왕메, 왕미)",서귀포시 > 성산,#친구 #맑음 #오름 #아이 #자연경관 #어린이,0,0,2,0
대유ATV수렵사격랜드,서귀포시 > 서귀포시내,#ATV #실내관광지 #체험 #어트랙션,0,1,37,0
대정면 4.3사건 위령비,서귀포시 > 대정,#제주4.3 #역사유적 #어트랙션,0,1,3,0
대정현역사자료전시관,서귀포시 > 대정,#전시관 #실내관광지 #문화관광 #어린이 #어트랙션,0,0,3,0
댕금님표수제간식,제주시 > 제주시내,#혼저옵서개 #반려동물공간_기타,0,0,1,0
댕댕놀이터,제주시 > 제주시내,#애견미용실 #애견호텔 #애견유치원,0,0,1,0
댕댕샤워,제주시 > 애월,#애견미용실,0,1,1,0
댕댕스위트,제주시 > 애월,#혼저옵서개 #반려동물공간_기타,0,0,0,0
더 플래닛(THE PLANET),서귀포시 > 서귀포시내,#친구 #아이 #전시와 행사 #생태문화 #체험 #실내관광지 #어린이 #어트랙션 #안전여행스탬프 #무장애관광,0,2,26,0
더리트리브,서귀포시 > 안덕,#에스프레소 #아포가토 #초코라떼 #아메리카노 #카페라떼 #바닐라라떼 #헤이즐넛라떼 #망고에이드 #딸기라떼 #반려동물동반_식당카페 #음식 #카페,0,0,2,0
더마카트,제주시 > 한림,#체험관광 #액티비티 #체험 #레저/체험 #어린이 #어트랙션,0,1,58,0
더칠린,제주시 > 애월,#반려동물동반입장 #혼저옵서개 #반려동물동반_숙소,0,0,0,0
더펫츠,제주시 > 제주시내,#반려동물동반_식당카페 #반려동물동반_관광지,0,2,1,0
덕천곤충영농조합,제주시 > 구좌,# 파충류 # 체험 # 이색체험 # 아이,0,0,0,0
덕천리 팔자 좋아 길,제주시 > 구좌,#도보 #어트랙션,0,0,38,0
뎁스원 프리다이빙센터,제주시 > 한림,#해변 #한림 #협재 #프리다이빙 #플로빙 #러닝홀리데이인제주,0,0,0,0
도곤도곤 애견미용실,제주시 > 제주시내,#애견미용실,0,0,0,0
도그앤캣,서귀포시 > 서귀포시내,#애견유치원 #애견미용실,0,0,0,0
도도펫,제주시 > 제주시내,#애견미용실 #애견호텔,0,0,0,0
도령모루,제주시 > 제주시내,#제주4.3 #역사유적 #어트랙션,0,1,0,0
도리미오름,제주시 > 구좌,#친구 #아이 #맑음 #오름 #자연경관 #도보여행 #도보 #어린이,0,1,2,0
도시해녀,제주시 > 애월,# 이색체험,0,0,3,0
도을,제주시 > 조천,#에스프레소 #카페라떼 #바닐라라떼 #카라멜라떼 #카페모카 #아포가토 #청귤차 #에이드 #오미자에이드 #오미자차 #매실차 #대추차 #쌍화차 #카페 #반려동물동반_식당카페 #음식,0,0,1,0
독자봉,서귀포시 > 성산,#맑음 #오름 #자연경관 #어린이,0,1,4,0
돈대산,섬 속의 섬 > 추차도,#오름 #자연경관,0,0,4,0
돈대산산림휴양산책로,섬 속의 섬 > 추차도,#맑음 #자연경관,0,0,7,0
돈블링65,제주시 > 제주시내,#이호해수욕장 #반려동물동반_식당카페 #반려동물동반입장,0,1,3,0
돈파스타정원,제주시 > 애월,#음식 #식당 #해물짬뽕 #전복해물탕 #쭈꾸미비빔밥 #쭈꾸미볶음 #해산물토마토파스타 #돈까스 #돈가스 #필라프 #새우오일파스타 #마르게리따피자 #고르곤졸라피자 #비빔밥 #피자 #감자튀김 #츄러스 #햄버거 #수제버거 #어니언링 #치킨가라아게 #아메리카노 #카페라떼 #바닐라라떼 #카라멜마끼아또 #라떼 #녹차라떼 #딸기라떼 #핫초코 #아이스초코 #밀크티 #망고요거트스무디 #요거트스무디 #자몽차 #레몬차 #유자차 #카모마일 #차 #주스 #딸기주스 #토마토주스 #에이드 #레몬에이드 #자몽에이드 #반려동물 #반려동물동반입장 #반려동물동반_식당카페,0,0,15,0
돌고래하우스(캠핑장),서귀포시 > 서귀포시내,#캠핑 #언택트 #서귀포 #독채 #일몰명소 #산책로 #농어촌민박,0,1,2,0
돔박이오름 (동박악),서귀포시 > 안덕,#가을 #오름 #자연경관 #도보여행 #도보,0,0,2,0
돔베낭길,서귀포시 > 서귀포시내,#자연경관 #도보여행 #도보,0,1,43,0
동계 정온 유허비,서귀포시 > 대정,#어트랙션,0,0,1,0
동귀방파제,제주시 > 애월,#낚시 #자연경관 #어트랙션,0,0,6,0
동명정류장,제주시 > 한림,#버스정류장 #포토스팟 #밭담라떼 #밭담 #반려동물동반_식당카페 #음식 #식당,0,0,4,0
동복환해장성,제주시 > 구좌,#역사유적,0,0,7,0
동알오름,서귀포시 > 대정,#자연경관 #도보여행 #도보,0,0,5,0
돼지굽는정원,제주시 > 한림,#오겹살 #야외바베큐 #음식 #흑돼지구이 #돼지구이 #냉면 #볶음밥 #해물라면 #라면 #반려동물 #반려동물동반입장 #식당 #반려동물동반_식당카페 #흑돼지오겹살 #김치찌개 #흑돼지김치찌개 #비빔냉면 #물냉면 #치즈볶음밥 #누룽지탕 #된장찌개 #한치,0,0,13,0
뒹굴개,제주시 > 제주시내,#반려동물동반입장 #혼저옵서개 #반려동물공간_기타,0,0,0,0
드르쿰다ATV IN 상효,서귀포시 > 서귀포시내,#테마공원 #체험관광 #액티비티 # 서귀포 # 상효동 # ATV # 곶자왈,0,0,0,0
들렁모루 산책길,서귀포시 > 서귀포시내,#가을 #자연경관 #도보여행 #도보,0,1,25,0
등머을레져,섬 속의 섬 > 우도,#레저/체험 #수상레저 #어트랙션,0,0,3,0
디스커버제주,서귀포시 > 서귀포시내,#커플 #체험여행 #체험 #레저/체험 #어트랙션,0,2,50,0
디어마이프렌즈,제주시 > 한경,#반려동물동반_숙소,0,0,0,0
디어펫,제주시 > 제주시내,#애견미용실 #애견유치원 #애견호텔,0,0,0,0
디퍼프리다이브,서귀포시 > 서귀포시내,#해변 #여름 # 서귀포시내 # 프리다이빙,0,0,0,0
떠오르길,제주시 > 구좌,# 바다,0,0,0,0
라신동,제주시 > 한림,#어트랙션,0,0,8,0
라온주 실내체험동물원,제주시 > 한림,#체험 #어린이 #어트랙션 #어린이동물농장,3,3,19,0
라이더스랩,서귀포시 > 성산,# 이색체험 # 제주마 # 곶자왈승마 # 오름승마,0,0,0,0
라이크더윈드 스튜디오,제주시 > 구좌,# 썬캐쳐 # 스테인드글라스,0,0,0,0
라이프동물병원,제주시 > 제주시내,#혼저옵서개 #반려동물공간_기타,0,0,0,0
라인업서프 하도,제주시 > 구좌,#여름 #해변 # 구좌읍 # 하도리 # 서핑,0,1,1,0
라임오렌지빌,서귀포시 > 서귀포시내,# 조식 #바비큐 # 반려동물 #반려동물동반입장 #혼저옵서개 #반려동물동반_숙소,0,0,0,0
라임오렌지카페앤플라워,서귀포시 > 서귀포시내,# 반려동물 #반려동물동반입장 #혼저옵서개 #반려동물동반_식당카페,0,0,0,0
라트반,제주시 > 구좌,#핫도그 #바닐라라떼 #레몬에이드 #아메리카노 #카페라떼 #에스프레소 #말차라떼 #반려동물동반_식당카페 #음식 #카페,0,0,4,0
러블리독스,제주시 > 제주시내,#반려동물동반_식당카페 #애견호텔 #반려동물동반_관광지,0,0,0,0
런닝맨,서귀포시 > 중문,# 런닝맨,0,0,2,0
레더한,서귀포시 > 남원,#원데이클래스 #어트랙션,0,0,15,0
렛츠런팜 양귀비꽃,제주시 > 조천,#봄 #어린이 #어트랙션,0,1,50,0
로로 요가,제주시 > 구좌,#휴식/힐링 #요가 #패들요가 #어트랙션,0,1,10,0
로빙화,서귀포시 > 남원,#음식 #식당 #햄버거 #새우버거 #피자 #페퍼로니피자 #마르게리따피자 #감자튀김 #술 #와인 #모히또 #라임모히또 #에이드 #자몽에이드 #스무디 #망고스무디 #딸기스무디 #딸기라떼 #라떼 #에스프레소 #아메리카노 #카페라떼 #바닐라라떼 #카라멜마끼아또 #카페모카 #카푸치노 #초코라떼 #차 #자몽차 #캐모마일 #페퍼민트 #얼그레이 #루이보스 #반려동물 #반려동물동반입장 #크림라떼 #아포가토 #헤이즐넛라떼 #망고에이드 #반려동물동반_식당카페 #무장애관광,0,0,7,0
롯데호텔 브이스파,서귀포시 > 중문,#호텔 #어트랙션,0,1,4,0
루씨쏜 아뜰리에,서귀포시 > 서귀포시내,#전시 #교육 #문화행사 #러닝홀리데이인제주 #2023_관광10선_가을,0,0,0,0
르카페하도,제주시 > 구좌,# 반려동물 #반려동물동반입장 #혼저옵서개 #반려동물동반_식당카페,0,0,0,0
리빙스톤펜션,서귀포시 > 서귀포시내,# 바비큐장 # 와이파이 # 단체 # 가족실 # 침대방 # 반려동물 #반려동물동반입장 #혼저옵서개 #반려동물동반_숙소,0,0,0,0
리틀화이트,서귀포시 > 서귀포시내,# 모던 # 스튜디오식 # 반려동물 #반려동물동반입장 #혼저옵서개 #반려동물동반_숙소,0,0,0,0
마녀의언덕,서귀포시 > 서귀포시내,# 오렌지선셋 # 한라봉에이드 # 한라봉감귤주스 # 브런치,0,0,1,0
마녀의언덕 펜션,서귀포시 > 서귀포시내,# 바닷가 # 단체 # 풀빌라. 바비큐 # 오션뷰 # 반려동물 #반려동물동반입장 #혼저옵서개 #반려동물동반_숙소,0,0,1,0
마라도기원정사,섬 속의 섬 > 마라도,#어트랙션,0,1,2,0
마레카펜션,제주시 > 한림,#해수욕장 #바비큐 #독채 #한옥 #온돌방 #단체여행객 #반려동물보호소 #반려동물동반입장 #반려동물 #반려동물동반_숙소,0,0,2,0
마오름(한경),제주시 > 한경,#도보여행 #도보,0,0,2,0
마음에온,제주시 > 제주시내,# 약과 # 식혜 # 미숫가루 # 전통차 #반려동물 #반려동물동반입장 #혼저옵서개 #반려동물동반_식당카페,0,0,0,0
마이애미함독카페,제주시 > 조천,# 반려동물 #반려동물동반입장 #혼저옵서개 #반려동물공간_기타,0,0,0,0
마흐니 숲길,서귀포시 > 남원,#부모 #휴식/힐링 #휴식/치유 #자연경관 #체험 #도보여행 #도보 #숲 #숲길 #언택트 #관광지,0,2,12,0
만벵듸 공동장지,제주시 > 한림,#역사유적 #어트랙션,0,1,1,0
만복흑돼지,서귀포시 > 안덕,#김치찌개 #음식 #안전여행스탬프 #오겹살 #목살 #양념갈비 #된장찌개 #반려동물 #반려동물동반입장 #반려동물동반_식당카페,0,0,8,0
맛있는 철학자(태반의땅제주),서귀포시 > 서귀포시내,#체험관광 #6차산업 #어린이 #어트랙션,0,0,13,0
망장포,서귀포시 > 남원,#포구 #낚시 #자연경관,0,0,14,0
매오름,서귀포시 > 표선,#맑음 #체험관광 #오름 #휴식/치유 #자연경관 #도보여행 #도보 #어트랙션,0,1,6,0
멍더랜드,제주시 > 제주시내,#애견미용실,0,0,0,0
멍멍플레이스,제주시 > 애월,#반려동물 #반려동물동반입장 #숙박 #펜션 #반려동물동반_숙소 #반려동물동반_관광지,0,0,4,0
명리동식당구좌직영점,제주시 > 구좌,# 삼겹살 # 반려동물 #반려동물동반입장 #혼저옵서개 #반려동물동반_식당카페,0,0,0,0
명상가의집,제주시 > 조천,#조식포함 #온돌방 #공공와이파이존 #반려동물동반_숙소 #반려동물동반입장,0,2,3,0
명월팽나무군락,제주시 > 한림,#자연경관 #역사유적 #포토스팟,0,0,8,0
모몽더티하우스,제주시 > 한경,#반려동물동반입장 #혼저옵서개 #반려동물동반_식당카페,0,0,0,0
모비딕다이브,서귀포시 > 서귀포시내,#해변 # 서귀포 # 서핑,0,0,0,0
목장카페 밭디,서귀포시 > 표선,# 표선 # 성읍리 # 목장카페 # 말먹이주기,0,0,2,0
몽story,제주시 > 애월,#혼저옵서개 #반려동물공간_기타,0,0,0,0
몽몽까까,제주시 > 제주시내,#혼저옵서개 #반려동물공간_기타,0,0,0,0
무릉도원마을,서귀포시 > 대정,#친구 #아이 #체험관광 #마을산책 #마을관광 #어린이 #어트랙션,0,0,3,0
무릉자전거도로(환상자전거길 3구간),제주시 > 한경,#신창 #해거름마을공원 #라이딩 #자연경관 #체험 #언택트 #어트랙션 #드라이브,0,0,9,0
무민랜드,서귀포시 > 안덕,#어린이 #문화관광 #실내관광지 #박물관 #미술관 #어트랙션 #우수관광사업체,0,4,59,0
무비랜드왁스뮤지엄,서귀포시 > 중문,#관광지,0,0,6,0
무수천,제주시 > 애월,#자연경관 #물놀이,0,0,12,0
묵리마을,섬 속의 섬 > 추차도,#휴식/힐링 #마을산책 #마을관광,0,1,4,0
묵리처녀당,섬 속의 섬 > 추차도,#어트랙션,0,0,0,0
묵리해안쉼터,제주시 > 제주시내,#역사유적 #어트랙션,0,0,12,0
묵리해안포구,제주시 > 제주시내,#문화관광 #역사유적,0,0,1,0
문서프,제주시 > 애월,#애월 #해변 #해수욕장 #물놀이 #어트랙션,0,2,14,0
문쏘,제주시 > 한림,#음식 #2022고메페스타 #반려동물 #반려동물동반입장 #반려동물동반_식당카페 #부타동,0,0,22,0
문화공간 양,제주시 > 제주시내,#전시 #예술 #문화 #실내관광지 #어트랙션,0,0,9,0
문화빳데리 충전소,서귀포시 > 서귀포시내,#실내관광지 #어트랙션,0,0,1,0
"물메(물미, 수산봉)",제주시 > 애월,#경관/포토 #휴식/힐링 #가을 #오름 #청년 #자연경관 #포토스팟,0,0,5,0
물뫼힐링팜,제주시 > 애월,#마을관광 #웰니스 #어트랙션 #러닝홀리데이인제주,0,3,1,0
미띠뽀,서귀포시 > 서귀포시내,# 비누 # 캔들 # 오브제 # 러닝홀리데이인제주,0,0,0,0
미스틱3도,제주시 > 제주시내,#먹이주기체험 #음식 #카페 #에이드 #아이스티 #레몬아이스티 #수제요거트 #녹차라떼 #밀크티 #아이스크림 #바닐라아이스크림 #녹차아이스크림 #초코아이스크림 #에스프레소 #아인슈페너 #크림라떼 #카푸치노 #카페라떼 #바닐라라떼 #라떼 #아포가토 #콜드브루 #차 #레몬생강차 #레몬차 #카모마일 #얼그레이 #에그타르트 #케이크 #샌드위치 #반려동물 #반려동물동반입장 #반려동물동반_식당카페,0,1,6,0
"미야즈클로젯 (해녀복 대여, 해녀 스냅사진 촬영)",제주시 > 제주시내,#체험관광 #포토스팟 #쇼핑 #관광기념품 #체험 #무장애관광,0,0,11,0
미요캔들,제주시 > 제주시내,#원데이클래스 #소이캔들 #디퓨저 #향수 #티라이트 #체험 #어트랙션,0,1,14,0
민오름(오라동),제주시 > 제주시내,#맑음 #오름 #자연경관 #도보여행 #도보,0,0,9,0
바구스서핑스쿨,제주시 > 제주시내,#스포츠 #해양스포츠 #수상레저 #어트랙션,0,2,11,0
바다스케치,서귀포시 > 안덕,#반려동물보호소 #가족 #해수욕장 #단체여행객 #바비큐 #온돌방 #공공와이파이존 #수상레저 #반려동물동반입장 #반려동물 #반려동물동반_숙소,0,0,2,0
바람불어좋은날 천연염색 공방,서귀포시 > 안덕,#염색공방 #이색체험 #러닝홀리데이인제주,0,0,1,0
바산올레 애견동반 펜션,서귀포시 > 안덕,#자연경관 #해변 #바비큐 #해수욕장 #가족 #반려동물보호소 #공공와이파이존 #단체여행객 #갯벌체험학습장 #수상레저 #온돌방 #체험 #반려동물동반입장 #반려동물 #반려동물동반_숙소 #농어촌민박,0,0,2,0
바우하우스,제주시 > 구좌,#반려동물보호소 #가족 #바비큐 #공공와이파이존 #해변 #해수욕장 #수상레저 #돌담길 #정원 #반려동물동반입장 #반려동물 #반려동물동반_숙소,0,0,1,0
반지마을 제주 1호점,제주시 > 제주시내,# 이색체험,0,0,0,0
반치옥 사진관,제주시 > 애월,# 풍경 # 바닷가 # 오름 # 골목길 # 원도심 # 러닝홀리데이인제주,0,0,0,0
발이오름,제주시 > 애월,#도보여행 #도보,0,0,1,0
배롱정원,제주시 > 한림,#반려동물동반입장 #혼저옵서개 #반려동물동반_식당카페,0,0,1,0
백년초농장박물관,서귀포시 > 서귀포시내,#체험 #문화관광 #박물관 #어트랙션,0,1,6,0
백수당,제주시 > 구좌,#카페라떼 #크림라떼 #청포도에이드 #모히또 #그린티 #프라페 #반려동물동반_식당카페 #음식 #카페,0,0,3,0
백제사,제주시 > 애월,#맑음 #사계절 #문화관광 #역사유적 #어트랙션,0,1,1,0
백제사 템플스테이,제주시 > 애월,#커플 #흐림 #사계절 #문화관광 #체험 #어트랙션,0,3,1,0
밸런싱 요가,제주시 > 제주시내,#요가 #어트랙션,0,0,0,0
뱅듸승마클럽,제주시 > 조천,# 이색체험,0,0,0,0
법정사,서귀포시 > 서귀포시내,#역사유적 #어트랙션,0,1,4,0
벙커하우스,서귀포시 > 서귀포시내,#음식 #카페 #아메리카노 #에스프레소 #아포가토 #콜드브루 #아인슈페너 #카페라떼 #크림라떼 #카푸치노 #카페모카 #카라멜마끼아또 #라떼 #바닐라아이스크림 #딸기라떼 #초코라떼 #말차라떼 #레몬에이드 #자몽에이드 #에이드 #밀크쉐이크 #자몽주스 #주스 #스무디 #애플망고스무디 #요거트스무디 #딸기스무디 #블루베리스무디 #차 #레몬차 #유자차 #자몽차 #대추차 #페퍼민트 #얼그레이 #캐모마일 #녹차 #보이차 #반려동물 #반려동물동반입장 #반려동물동반_식당카페,0,0,3,0
베콩스,제주시 > 조천,#반려동물동반입장 #혼저옵서개 #반려동물공간_기타,0,0,0,0
별내린전망대,서귀포시 > 중문,#친구 #아이 #맑음 #경관/포토 #봄 #포토스팟 #어린이 #어트랙션,0,3,45,0
별도연대,제주시 > 제주시내,#역사유적 #어트랙션,0,0,5,0
별도포구,제주시 > 제주시내,#자연경관 #역사유적,0,1,1,0
"보롬이(하논, 화구구)",서귀포시 > 서귀포시내,#오름 #자연경관,0,0,7,0
본카페,제주시 > 애월,#우도땅콩라떼 #청귤에이드 #더블망고스무디 #다쿠아즈 #스콘조각케이크 #반려동물동반_식당카페 #음식 #카페,0,0,6,0
볼스카페,서귀포시 > 서귀포시내,#음식 #아메리카노 #에그타르트 #카페라떼 #바닐라라떼 #반려동물 #반려동물동반입장 #반려동물동반_식당카페 #에스프레소 #플랫화이트 #아인슈페너 #콜드브루 #라떼 #차 #얼그레이 #루이보스 #그린티라떼 #밀크티라떼 #에이드 #패션후르츠에이드 #자몽에이드 #레몬에이드 #스무디 #녹차라떼 #얼그레이밀크티 #홍차라떼 #생과일주스 #도넛 #브라우니 #케이크 #치즈케이크 #크로아상,0,1,8,0
봉구의간식제주롯데마트점,제주시 > 제주시내,#혼저옵서개 #반려동물공간_기타,0,0,0,0
봉글레산,제주시 > 제주시내,#자연경관,0,0,4,0
봉쥬르봉봉,제주시 > 한림,#마그넷 #엽서 #소품샵 #어트랙션,0,1,14,0
뵤뵤,제주시 > 한림,#음식 #식당 #아메리카노 #카페라떼 #바닐라라떼 #크림라떼 #라떼 #차 #우롱차 #얼그레이 #녹차 #얼그레이밀크티 #청귤차 #에이드 #쉐이크 #반려동물 #반려동물동반입장 #카페 #반려동물동반_식당카페,0,0,6,0
부대악오름,제주시 > 조천,#도보여행 #도보,0,0,4,0
부영컨트리클럽,서귀포시 > 남원,#레저/체험 #어트랙션,0,1,0,0
북촌리 4.3길,제주시 > 조천,#북촌 #너븐숭이 #자연경관 #문화관광 #체험 #제주4.3 #역사유적 #도보여행 #언택트 #2022_마을산책_봄 #Moment_봄,0,1,5,0
불카분낭 (불타버린 나무),제주시 > 조천,#제주4.3 #역사유적 #어트랙션,0,1,3,0
불탑사 (5층석탑),제주시 > 제주시내,#아이 #혼자 #친구 #커플 #문화관광 #역사유적 #어트랙션,0,1,7,0
붉은오름(성산읍),서귀포시 > 성산,#혼자 #맑음 #오름 #자연경관 #도보여행 #도보 #단풍,0,1,16,0
브리더스파크,제주시 > 구좌,# 구좌읍 # 송당리 # 승마 # 외승 # 말 # 이색체험,0,0,0,0
블랙벨트 태권도장,제주시 > 제주시내,#발차기 #기술 #러닝홀리데이인제주,0,0,0,0
블랙이쉬레드,제주시 > 애월,#아메리카노 #카페라떼 #홍차 #아이스티 #쿠키 #마들렌 #바닐라라떼 #헤이즐넛라떼 #카페모카 #카라멜마끼아또 #초코라떼 #레몬에이드 #자몽에이드 #반려동물동반_식당카페 #음식 #카페,0,0,2,0
블루메베이글,제주시 > 제주시내,#베이글 #크림치즈 #식당 #아메리카노 #카페라떼 #바닐라라떼 #말차라떼 #딸기라떼 #라떼 #캐모마일 #페퍼민트 #블랙티 #차 #에이드 #레몬에이드 #자몽에이드 #청포도에이드 #복숭아에이드 #플레인베이글 #치즈베이글 #샌드위치 #햄치즈샌드위치 #새우샌드위치 #수프류 #양송이크림스프 #반려동물 #반려동물동반입장 #혼저옵서개 #반려동물동반_식당카페,0,1,5,0
블루버블,서귀포시 > 성산,#해변 #성산 # 스쿠버다이빙 # 이색체험,0,0,1,0
블리스풀,제주시 > 애월,#카페모카 #카페라떼 #바닐라라떼 #말차라떼 #딸기우유 #얼그레이밀크티 #자몽차 #고구마라떼 #자몽에이드 #블루베리레몬에이드 #반려동물동반_식당카페 #음식 #카페,0,0,1,0
비고르서프,서귀포시 > 안덕,# 서핑 # 이색체험,0,0,0,0
비만고양이,제주시 > 제주시내,#음식 #식당,0,0,3,0
비블리아성서식물원,제주시 > 한림,#맑음 #실내관광지 #어트랙션,0,0,9,0
비양도 연평리 야영지,섬 속의 섬 > 우도,#체험 #캠핑 #캠핑장 #언택트 #어트랙션,0,0,4,0
비양도의 비양나무자생지,제주시 > 한림,#아이 #맑음 #휴식/힐링 #자연경관 #어린이,0,0,12,0
뽀로로&타요 테마파크 제주,서귀포시 > 안덕,#흐림 #테마공원 #실내관광지 #체험 #어린이 #어트랙션,0,4,130,0
쁘램 요가,제주시 > 제주시내,#플라잉요가 #메디컬요가 #빈야사요가 #하타요가 #테랍툴요가 #어트랙션,0,0,1,0
삐삐그루밍,서귀포시 > 대정,#애견미용실 #애견유치원 #애견호텔,0,0,0,0
사계 용머리해안 (해산물),서귀포시 > 안덕,#친구 #경관/포토 #휴식/힐링 #문화유적지 #사계절 #청년 #중/장년 #노년 #휴식/치유 #자연경관 #역사유적 #포토스팟,4,3,110,0
사려니팜,제주시 > 조천,# 체험관광 # 자연경관 # 자연체험 # 자연휴양림 # 동물먹이주기,0,0,0,0
사슴공방,제주시 > 구좌,# 이색체험,0,0,0,0
사월의 꿩,제주시 > 구좌,#꿩엿 #단체체험 #단체교육 # 러닝홀리데이인제주,0,0,0,0
산도스카발리오홀스파크,서귀포시 > 안덕,# 승마 # 마장마술 # 이색체험,0,0,2,0
산방산 랜드,서귀포시 > 안덕,#체험 #레저/체험 #어트랙션,0,1,11,0
산방산둘레길,서귀포시 > 안덕,#반려동물동반_자연 #관광지 #자연경관 #도보 #도보여행 #반려동물동반_관광지,0,0,14,0
산지천갤러리,제주시 > 제주시내,#실내 #사계절 #실내관광지 #포토스팟 #어트랙션,0,1,11,0
산지항 옛터,제주시 > 제주시내,#제주4.3 #역사유적 #어트랙션,0,0,0,0
산호레저,섬 속의 섬 > 우도,#레저/체험 #수상레저 #어트랙션,0,0,2,0
삼다수목장,제주시 > 조천,# 외승 # 이색체험,0,0,1,0
삼다수숲길 지질트레일,제주시 > 조천,#흐림 #봄 #자연경관 #도보여행 #도보 #단풍 #숲 #언택트 #지질트레일 #유네스코 #어트랙션,0,6,96,0
삼밭구석 & 동광리4·3희생자위령비,서귀포시 > 안덕,#제주4.3 #역사유적 #어트랙션,0,1,0,0
삼사석,제주시 > 제주시내,#친구 #아이 #문화유적지 #자연경관 #역사유적 #어트랙션,0,1,2,0
삼양 셋다리물,제주시 > 제주시내,#노천탕 #자연경관 #체험 #어린이 #수상레저,0,0,11,0
삼양방파제,제주시 > 제주시내,#해변 #낚시 #자연경관 #어트랙션,0,0,1,0
삼화훈동물병원,제주시 > 제주시내,#혼저옵서개 #반려동물공간_기타,0,0,0,0
상추자마을길,섬 속의 섬 > 추차도,#걷기 #도보여행 #도보 #마을산책 #마을관광,0,0,3,0
상추자포구,섬 속의 섬 > 추차도,#자연경관 #역사유적,0,0,0,0
상추자항,제주시 > 제주시내,#추자도,0,0,1,0
새물국수,서귀포시 > 안덕,#비빔국수 #멸치국수 #돔베고기 #초계국수 #반려동물동반_식당카페 #음식 #식당 #착한가격업소,0,0,8,0
새별프렌즈 (새별헤이요목장),제주시 > 애월,#맑음 #휴식/힐링 #테마공원 #체험관광 #휴식/치유 #자연경관 #체험 #어린이 #어트랙션,0,2,33,0
샘이오름,제주시 > 조천,#자연경관 #도보여행 #도보,0,0,2,0
생약누리,서귀포시 > 서귀포시내,# 홍보,0,0,0,0
서귀본향당,서귀포시 > 서귀포시내,#어트랙션 #2023_관광10선_봄 #Moment_봄,0,0,4,0
서귀포 궁도장(천지정),서귀포시 > 서귀포시내,#액티비티 #자연경관 #체험 #레저/체험 #어트랙션,0,1,16,0
서귀포 늘바다 애견동반펜션,서귀포시 > 안덕,#반려동물보호소 #독채 #바비큐 #계곡 #단체여행객 #가족 #해변 #체험 #반려동물동반입장 #반려동물 #무장애관광 #반려동물동반_숙소 #농어촌민박,0,0,3,0
서귀포 다이브센터,서귀포시 > 남원,#맑음 #체험 #레저/체험 #수상레저 #어트랙션,0,0,73,0
서귀포 하영올레,서귀포시 > 서귀포시내,#체험 #도보여행 #도보 #관광지,0,2,0,0
서귀포농업기술센터 제주농업생태원,서귀포시 > 남원,#어트랙션,0,0,5,0
서귀포돈사촌,서귀포시 > 서귀포시내,#음식 #식당,0,0,2,0
서귀포시립기당미술관,서귀포시 > 서귀포시내,#겨울 #실내관광지 #미술관 #문화관광 #어트랙션 #무장애관광 #공영관광지,0,0,22,0
서귀포층패류화석산지,서귀포시 > 서귀포시내,#맑음 #자연경관 #포토스팟 #어트랙션 #유네스코,0,1,35,0
서귀포호텔 카라반,서귀포시 > 서귀포시내,#호텔 #캠핑 #힐링쉼터 #힐링 #언택트 #무장애관광,0,0,2,0
서담채,제주시 > 제주시내,#북클럽 #러닝홀리데이인제주,0,0,0,0
서부두명품횟집거리,제주시 > 제주시내,#노년 #휴식/치유 #체험관광 #휴식/힐링 #어트랙션 #관광지,0,0,5,0
서영아리오름 / 용와이오름,서귀포시 > 안덕,#친구 #맑음 #흐림 #경관/포토 #사계절 #청년 #중/장년 #휴식/치유 #오름 #자연경관 #도보여행 #도보 #포토스팟 #언택트 #관광지,0,0,4,0
서중천탐방로,서귀포시 > 남원,#맑음 #흐림 #휴식/힐링 #자연경관 #체험 #도보여행 #도보 #어트랙션 #관광지,0,3,4,0
서프론트,제주시 > 애월,# 이색체험,0,0,0,0
서프서프,제주시 > 구좌,# 이색체험,0,0,1,0
서프앤조이,제주시 > 제주시내,# 패들보드 # 이색체험,0,0,0,0
서피플,제주시 > 애월,# 이색체험,0,0,0,0
서홍정원,서귀포시 > 서귀포시내,#음식 #에이드 #팥빙수 #아메리카노 #에스프레소 #바닐라라떼 #카페라떼 #밀크티 #핸드드립커피 #수제맥주 #반려동물 #반려동물동반입장 #반려동물동반_식당카페 #미숫가루 #카푸치노 #카라멜라떼 #모카라떼 #라떼 #비엔나커피 #얼그레이밀크티 #초코라떼 #말차라떼 #스파클링 #레몬에이드 #차 #루이보스 #더치커피,0,0,9,0
선족이오름(알선족이),제주시 > 구좌,#도보여행 #도보,0,2,3,0
설쿰바당,서귀포시 > 안덕,#여름 #해안산책 #자연경관 #포토스팟,0,1,21,0
성산~세화 해안도로,서귀포시 > 성산,#커플 #맑음 #여름 #자연경관,0,0,84,0
성산마씸,서귀포시 > 성산,#옥돔구이 #갈치조림 #반려동물 #반려동물동반입장 #혼저옵서개 #반려동물동반_식당카페,0,0,0,0
성산연화,서귀포시 > 성산,#토스트 #반려동물동반_식당카페 #음식 #식당,0,1,6,0
성산초등학교 서청특별중대 주둔지,서귀포시 > 성산,#문화관광 #제주4.3 #역사유적 #어트랙션,0,0,0,0
성안올레,제주시 > 제주시내,#혼자 #액티비티,0,0,0,0
성읍목장,서귀포시 > 표선,#포토스팟 #어트랙션,0,1,25,0
성읍승마장,서귀포시 > 표선,#레저/체험 #어트랙션,0,0,18,0
성클라라수도원 금악성당,제주시 > 한림,#사계절 #어트랙션,0,1,16,0
세미오름(삼의양오름),제주시 > 제주시내,#친구 #아이 #오름 #자연경관 #도보여행 #도보 #어린이,0,0,2,0
세미오름(샘이오름),제주시 > 조천,#도보여행 #도보,0,1,4,0
세인트포골프장,제주시 > 구좌,#레저/체험 #어트랙션 #무장애관광,0,1,0,0
소남머리,서귀포시 > 서귀포시내,#혼자 #친구 #아이 #자연경관 #포토스팟 #어린이,0,0,5,0
소노벨제주,제주시 > 조천,#숙소,0,0,10,0
소병악 (족은오름),서귀포시 > 안덕,#오름 #자연경관 #도보여행 #도보,0,0,1,0
소소밀,제주시 > 제주시내,# 와인 # 반려동물 #반려동물동반입장 #혼저옵서개 #반려동물동반_식당카페,0,0,2,0
소수산봉(족은물뫼),서귀포시 > 성산,#혼자 #친구 #아이 #자연경관 #어린이,0,1,5,0
소암기념관,서귀포시 > 서귀포시내,#사계절 #실내관광지 #어트랙션 #무장애관광 #공영관광지,0,1,6,0
손방둥이,제주시 > 제주시내,#체험 #어트랙션,0,0,10,0
손지오름,제주시 > 구좌,#도보여행 #도보,0,1,3,0
솔동산8경,서귀포시 > 서귀포시내,#문화관광 #역사유적,0,0,3,0
솔트스톤브이점,제주시 > 제주시내,# 반려동물 #반려동물동반입장 #혼저옵서개 #반려동물동반_식당카페,0,0,0,0
솔티 오렌지,서귀포시 > 성산,# 섬유공예품 #원데이클래스 # 러닝홀리데이인제주,0,0,0,0
송계순집터,서귀포시 > 대정,#자연경관 #문화관광 #역사유적 #어트랙션,0,0,4,0
송당나무,제주시 > 구좌,#음식 #2022고메페스타 #반려동물 #반려동물동반입장 #반려동물동반_식당카페 #에스프레소 #아메리카노 #라떼 #카라멜마끼아또 #핫초코 #홍차 #그린티 #얼그레이 #다즐링 #잉글리쉬브렉퍼스트 #블랙티 #허브티 #루이보스 #자스민티 #캐모마일 #차 #에이드 #레몬에이드 #자몽에이드 #유자차 #레몬생강차 #티라미수 #케이크,0,2,11,0
송령이골,서귀포시 > 남원,#제주4.3 #역사유적 #어트랙션,0,0,0,0
송악카트체험장,서귀포시 > 대정,#체험 #레저/체험 #어린이 #수상레저 #어트랙션,0,0,58,0
송죽사터,서귀포시 > 대정,#혼자 #친구 #미술/박물관 #올레 #역사유적 #어린이 #어트랙션,0,0,0,0
수악 (물오름),서귀포시 > 남원,#혼자 #친구 #맑음 #경관/포토 #휴식/힐링 #사계절 #자연경관 #도보여행 #도보 #포토스팟,0,0,30,0
수월이못,서귀포시 > 대정,#혼자 #친구 #아이 #휴식/힐링 #자연경관 #문화관광 #역사유적,0,0,6,0
쉐프1192레스토랑,서귀포시 > 성산,#반려동물 #반려동물동반입장 #혼저옵서개 #반려동물동반_식당카페,0,0,1,0
쉼멍스테이,서귀포시 > 대정,#펜션 #반려동물동반_숙소 #숙소,0,0,2,0
슈몽슈몽,제주시 > 제주시내,#혼저옵서개 #반려동물공간_기타,0,0,0,0
스마일러펫,제주시 > 애월,#반려동물동반_식당카페 #쇼핑,0,0,0,0
스시혼,제주시 > 제주시내,#초밥 #연어초밥 #참치초밥 #모둠초밥 #광어초밥 #반려동물동반_식당카페 #음식,0,0,1,0
스위트모텔,제주시 > 제주시내,#엘리베이터 #물품보관서비스 #공공와이파이존 #반려동물동반_숙소 #반려동물동반입장 #반려동물,0,1,1,0
스위트몽키,제주시 > 한경,#실내관광지 #체험 #어린이 #어트랙션,0,0,22,0
스위트호텔 아로마,서귀포시 > 중문,#체험 #어트랙션,0,1,2,0
스쿠버스쿨,제주시 > 제주시내,#체험관광 #액티비티 #해양스포츠 #스쿠버다이빙 #체험 #레저/체험 #waterleisure #수상레저 #어트랙션,0,4,33,0
스타빌,서귀포시 > 안덕,#럭셔리트래블인제주,0,0,3,0
스테이지 버거,제주시 > 구좌,#카페라떼 #바닐라라떼 #아인슈페너 #크림라떼 #연유라떼 #반려동물동반_식당카페 #음식 #카페,0,0,5,0
스팅그레이,제주시 > 한경,#카페라떼 #바닐라카페라떼 #에스프레소 #말차라떼 #카페모카 #초코라떼 #에이드 #얼그레이 #파니니 #반려동물동반_식당카페 #음식 #카페,0,0,3,0
스프링데일CC,서귀포시 > 남원,#레저/체험 #어트랙션 #무장애관광,0,0,2,0
슬로보트,제주시 > 애월,# 와인 # 허브티 # 까눌레 # 스콘 #반려동물 #반려동물동반입장 #혼저옵서개 #반려동물동반_식당카페,0,0,1,0
슬리핑라이언,서귀포시 > 안덕,#자연 #러닝홀리데이 #곶자왈 #오름 #러닝홀리데이인제주 #2023_관광10선_가을,0,0,1,0
시루네펜션,서귀포시 > 서귀포시내,#펜션 #반려동물동반_숙소 #숙소,0,0,1,0
식전당포,제주시 > 제주시내,#삼색전 #부추전 #해물파전 #김치전 #돼지짜글이 #반려동물동반_식당카페 #음식 #식당,0,0,2,0
신대산전망대,섬 속의 섬 > 추차도,#혼자 #경관/포토 #휴식/힐링 #액티비티 #체험 #레저/체험 #포토스팟 #어트랙션,0,1,1,0
신대해안,섬 속의 섬 > 추차도,#포토스팟,0,0,0,0
신산공원,제주시 > 제주시내,#테마공원 #자연경관 #어린이 #봄꽃 #벚꽃,0,0,12,0
신산환해장성,서귀포시 > 성산,#문화관광 #역사유적,0,0,6,0
신양포구,서귀포시 > 성산,#맑음 #자연경관 #역사유적,0,0,1,0
신양항(하추자항),섬 속의 섬 > 추차도,#맑음,0,1,0,0
신양해안도로,서귀포시 > 성산,#커플 #맑음 #자연경관,0,2,49,0
신엄포구,제주시 > 애월,#포구 #자연경관,0,0,3,0
신천리 벽화마을,서귀포시 > 성산,#문화관광 #마을산책 #마을관광 #포토스팟,0,2,13,0
신천리(용궁올레),서귀포시 > 표선,#경관/포토 #휴식/힐링 #해변 #도보여행 #도보 #포토스팟,0,0,9,0
신풍리 밭담길,서귀포시 > 성산,#농촌체험마을 #자연경관 #문화관광 #체험 #도보여행 #도보 #언택트,0,0,5,0
신효 생활개선회,서귀포시 > 서귀포시내,#어린이 #어트랙션,0,0,7,0
신효베스트마을,서귀포시 > 서귀포시내,#마을산책 #마을관광 #어린이 #어트랙션,0,0,4,0
신흥2리 동백마을,서귀포시 > 남원,#치유 #체험 #부모 #자연경관 #마을산책 #마을관광 #동백 #어트랙션 #2023_관광10선_봄 #Moment_봄,0,4,65,0
신흥리 동백 & 향나무길,서귀포시 > 남원,#경관/포토 #겨울 #청년 #휴식/치유 #자연경관 #체험 #도보여행 #도보 #동백 #포토스팟 #관광지,0,3,18,0
심헌갤러리,제주시 > 제주시내,#실내 #실내관광지 #문화관광 #포토스팟 #어트랙션,0,1,6,0
씨에스호텔 프라이빗스파,서귀포시 > 중문,#호텔 #어트랙션,0,1,7,0
아뜨네통나무펜션,제주시 > 애월,#바비큐 #반려동물보호소 #공공와이파이존 #조식 포함 #해수욕장 #반려동물동반입장 #반려동물 #반려동물동반_숙소,0,0,1,0
아띠스떼21,서귀포시 > 안덕,# 미술 # 수채화 # 아크릴화 # 유화 # 러닝홀리데이인제주,0,0,0,0
아라i동물병원,제주시 > 제주시내,#혼저옵서개 #반려동물공간_기타,0,0,0,0
아라고나이트 고온천(디아넥스호텔),서귀포시 > 안덕,#부모 #비.눈 #겨울 #실내관광지 #호텔 #숙소 #어트랙션,0,5,113,0
아라리오뮤지엄동문모텔1,제주시 > 제주시내,#겨울 #실내관광지 #문화관광 #어트랙션 #무장애관광,0,2,0,0
아라리오뮤지엄동문모텔2,제주시 > 제주시내,#사계절 #실내관광지 #문화관광 #어트랙션 #무장애관광,0,1,2,0
아란치아,서귀포시 > 서귀포시내,# 와이파이 # 모던 # 장기숙박 # 반려동물 #반려동물동반입장 #혼저옵서개 #반려동물동반_숙소,0,0,0,0
아스쿰,제주시 > 제주시내,#블렌디드티 # 반려동물 #반려동물동반입장 #혼저옵서개 #반려동물동반_식당카페,0,3,2,0
아이리스촬영지(하얀등대),서귀포시 > 표선,#커플 #맑음 #포토스팟,0,6,76,0
아이존액트 볼링장,서귀포시 > 안덕,#실내관광지 #체험 #어트랙션,0,1,17,0
아일랜드 플라워,서귀포시 > 성산,# 이색체험,0,0,1,0
아일랜드에프,서귀포시 > 성산,#체험 #어트랙션,0,0,19,0
아지트포독,서귀포시 > 서귀포시내,# 반려동물 #반려동물동반입장 #혼저옵서개 #반려동물공간_기타,0,0,0,0
아트진,서귀포시 > 서귀포시내,# 그림,0,1,0,0
아틀리에1950,제주시 > 제주시내,# 이색체험,0,0,0,0
아홉굿마을 낙천리 농어촌체험마을,제주시 > 한경,#체험 #마을산책 #마을관광 #어린이 #어트랙션,0,2,7,0
"안녕, 상이 친구들",제주시 > 제주시내,#애견미용실,0,0,0,0
안덕면 사계어촌계,서귀포시 > 안덕,#바릇잡이 #체험 #포토스팟 #어트랙션,0,1,9,0
"안세미 (명도오름,明道岳)",제주시 > 제주시내,#도보여행 #도보,0,1,1,0
"알밤(알바매기, 알밤오름)",제주시 > 조천,#친구 #아이 #맑음 #오름 #자연경관 #도보여행 #도보 #어린이,0,0,3,0
알오름(성산읍),서귀포시 > 성산,#오름 #자연경관 #도보여행 #도보,0,1,2,0
알제이,제주시 > 애월,#레저/체험 #수상레저 #어트랙션 #관광지,0,0,2,0
앙리젤,제주시 > 제주시내,#애견유치원 #애견미용실,0,0,0,0
애견동반 상추네,서귀포시 > 서귀포시내,#가족 # 반려동물 #반려동물동반입장 #혼저옵서개 #반려동물동반_숙소,0,0,0,0
애월스쿠버다이빙스쿨,제주시 > 애월,#마린스포츠 #체험 #레저/체험 #수상레저 #어트랙션,0,0,11,0
애월연대,제주시 > 애월,#아이 #맑음 #경관/포토 #문화유적지 #문화관광 #역사유적 #포토스팟 #어린이,0,0,3,0
애월오누이,제주시 > 애월,#옥돔구이 #칼국수 #흑돼지두루치기 #갈치조림 #고등어조림 #우럭조림 #전복돌솥밥 #김치찌개 #성게미역국 #한치물회 #전복물회 #반려동물동반_식당카페 #음식,0,0,6,0
애월환해장성,제주시 > 애월,#문화관광 #역사유적,0,0,13,0
양가형제노형,제주시 > 제주시내,# 감자튀김 # 반려동물 #반려동물동반입장 #혼저옵서개 #반려동물동반_식당카페,0,0,1,0
어반정글 부얀트무드,서귀포시 > 성산,# 감자튀김 # 반미 # 햄버거 # 커피 # 에이드 #반려동물 #반려동물동반입장 #혼저옵서개 #반려동물동반_식당카페,0,0,1,0
어반정글그레이밤부,제주시 > 조천,# 반려동물 #반려동물동반입장 #혼저옵서개 #반려동물동반_식당카페,0,0,1,0
어영공원,제주시 > 제주시내,#테마공원 #아이 #자연경관 #포토스팟 #어린이,0,0,10,0
엄바위장승,섬 속의 섬 > 추차도,#어트랙션,0,0,2,0
에메랄드하우스,서귀포시 > 안덕,# 바비큐 # 반려동물 #반려동물동반입장 #혼저옵서개 #반려동물동반_숙소,0,0,0,0
에버리스 골프리조트,제주시 > 애월,#레저/체험 #숙소 #리조트 #어트랙션,0,0,4,0
에이스서프,제주시 > 구좌,# 이색체험,0,0,1,0
에코승마아카데미,제주시 > 조천,# 이색체험,0,0,1,0
에퀴녹스 드 협재,제주시 > 한림,#펜션 #반려동물동반_숙소 #숙소,0,0,0,0
엔젤하우스,제주시 > 애월,#조식 #정원 #반려동물보호소 #해안도로 #단체여행객 #반려동물 #반려동물동반입장 #숙박 #펜션 #반려동물동반_숙소,0,1,1,0
엘파소,서귀포시 > 안덕,#코코넛라떼 #아포가토 #카페라떼 #바닐라라떼 #초코라떼 #딸기라떼 #오미자차 #반려동물동반_식당카페 #음식 #카페,0,0,5,0
연대포구,제주시 > 제주시내,#친구 #문화유적지 #해변 #역사유적 #어린이,0,0,0,0
연미마을(오라리 방화사건 현장),제주시 > 제주시내,#제주4.3 #역사유적 #마을산책 #마을관광 #어트랙션,0,1,0,0
연북정,제주시 > 조천,#자연경관 #문화관광 #역사유적 #어트랙션,0,0,13,0
열리해안길,서귀포시 > 서귀포시내,#해변 #혼자 #맑음 #도보여행 #도보,0,0,24,0
영남동,서귀포시 > 서귀포시내,#제주4.3 #역사유적 #어트랙션,0,1,2,0
영등할망 신화공원,제주시 > 한림,#역사유적 #포토스팟 #어트랙션 #관광지,0,2,3,0
영모원,제주시 > 애월,#어트랙션,0,2,1,0
영천악(영천오름),서귀포시 > 서귀포시내,#오름 #경관/포토 #맑음 #자연경관 #도보여행 #도보 #포토스팟 #언택트,0,0,1,0
예래생태체험관,서귀포시 > 서귀포시내,#생태 #체험 #어린이 #어트랙션 #봄꽃 #벚꽃 #매화 #반려동물 #반려동물동반입장 #반려동물동반_관광지 #공영관광지,0,0,7,0
예래해안도로,서귀포시 > 서귀포시내,#커플 #아이 #혼자 #친구 #부모 #자연경관 #어린이,0,1,64,0
예술공간 이아,제주시 > 제주시내,#카페 #어트랙션,0,0,5,0
예절이오름(여절악),서귀포시 > 남원,#맑음 #오름 #봄 #가을 #자연경관 #도보여행 #도보,0,0,1,0
예초리,섬 속의 섬 > 추차도,#휴식/힐링 #올레,0,1,2,0
예초리기정길,섬 속의 섬 > 추차도,#도보,0,0,2,0
예초리포구,제주시 > 제주시내,#문화관광 #역사유적,0,1,2,0
예초리해변,섬 속의 섬 > 추차도,#혼자 #맑음 #자연경관 #포토스팟,0,0,5,0
옛마을펜션,서귀포시 > 서귀포시내,#펜션 #반려동물동반_숙소 #숙소,0,0,0,0
오롯바이에퀴녹스,제주시 > 한림,#반려동물동반_숙소,0,0,0,0
오름터 민속마을,서귀포시 > 표선,#흐림 #문화관광 #역사유적 #도보여행 #도보 #마을산책 #마을관광 #어린이,0,1,25,0
오림반,서귀포시 > 남원,#제주4.3 #역사유적 #어트랙션,0,1,0,0
오멍가멍 애견카페&호텔,제주시 > 제주시내,#만두라면 #아메리카노 #반려동물동반_식당카페 #반려동물동반_관광지,0,0,4,0
오버더센스,서귀포시 > 서귀포시내,# 마제소바 # 아메리카노 #반려동물 #반려동물동반입장 #혼저옵서개 #반려동물동반_식당카페,0,0,0,0
오후 세시의 고양이,제주시 > 제주시내,# 예술 # 러닝홀리데이인제주,0,0,0,0
옥돔마을,서귀포시 > 남원,#친구 #아이 #체험관광 #체험 #마을산책 #마을관광 #어린이 #언택트 #어트랙션 #관광지,0,2,15,0
온더스톤펜션,서귀포시 > 성산,#도미토리 # 2인실 # 가족실 # 반려동물 #반려동물동반입장 #혼저옵서개 #반려동물동반_숙소,0,0,0,0
온평리 환해장성,서귀포시 > 성산,#해변 #커플 #친구 #자연경관 #문화관광 #역사유적,0,0,11,0
올디벗구디,서귀포시 > 서귀포시내,#노키즈존 #도순동 #음식 #카페 #빵 #베이커리 #아메리카노 #카페라떼 #샌드위치 #치즈케이크 #플랫화이트 #바닐라라떼 #아포가토 #에이드 #자몽에이드 #자몽티 #브라우니 #허브티 #반려동물 #반려동물동반입장 #혼저옵서개 #반려동물동반_식당카페,0,0,1,0
올레산야초,제주시 > 애월,#음식 #눈꽃빙수 #샐러드 #차 #카페 #라떼 #그린티라떼 #꿀차 #마들렌,0,0,11,0
올레해오름펜션,제주시 > 애월,#펜션 #독채 #단체여행객 #바비큐 #공공와이파이존 #해수욕장 #가족 #반려동물보호소 #골프 #체험 #반려동물동반입장 #반려동물 #반려동물동반_숙소,0,0,1,0
옵데가바이에퀴녹스,제주시 > 한림,#반려동물동반_숙소,0,0,0,0
옷귀마테마타운,서귀포시 > 남원,#자연경관 #체험 #마을관광 #웰니스 #레저/체험 #어트랙션,0,4,12,0
옹포포구,제주시 > 한림,#걷기 #커플 #자연경관,0,0,8,0
와랑식탁,제주시 > 한경,#고추장불고기 #가정식 #바다뷰 #오션뷰 #집밥 #반려동물동반_식당카페 #음식 #식당,0,0,3,0
요가느림원,제주시 > 제주시내,#관광지,0,1,2,0
요기개,제주시 > 제주시내,#관광지,0,0,0,0
요람,서귀포시 > 서귀포시내,#애견미용실 #애견유치원 #애견호텔 #반려동물동반_관광지,0,0,1,0
요우르,제주시 > 조천,#과일요거트 #그릭요거트 #반려동물동반_식당카페 #음식 #카페,0,0,3,0
용연카누클럽,제주시 > 제주시내,#경관/포토 #휴식/힐링 #체험관광 #액티비티 #청년 #휴식/치유 #체험 #레저/체험 #포토스팟 #waterleisure #수상레저 #어트랙션,0,1,52,0
용왕난드르식당,서귀포시 > 안덕,# 보말죽 #반려동물 #반려동물동반입장 #혼저옵서개 #반려동물동반_식당카페,0,0,1,0
우도 득성이코지,섬 속의 섬 > 우도,#포토스팟,0,0,18,0
"우연히,그곳",제주시 > 구좌,#카페라떼 #바닐라라떼 #아인슈페너 #크림라떼 #연유라떼 #반려동물동반_식당카페 #음식,0,0,6,0
웁스마이독,서귀포시 > 안덕,#혼저옵서개 #반려동물공간_기타,0,0,0,0
"웃밤(웃바매기,웃밤오름)",제주시 > 조천,#도보여행 #도보,0,1,6,0
웃세오름(누운오름),제주시 > 애월,#자연경관 #도보여행 #도보,0,1,5,0
웃세오름(족은오름),제주시 > 애월,#자연경관 #도보여행 #도보,0,0,13,0
원동,제주시 > 애월,#제주4.3 #역사유적 #어트랙션,0,1,0,0
원앙카라반캠핑장앤야영장,서귀포시 > 서귀포시내,#친구 #맑음 #여름 #체험 #레저/체험 #캠핑 #언택트 #어트랙션,0,0,4,0
월나봉(도래오름),서귀포시 > 안덕,#오름 #자연경관 #도보여행 #도보,0,0,3,0
월라봉 진지동굴 (안덕면),서귀포시 > 안덕,#친구 #맑음 #흐림 #경관/포토 #사계절 #청년 #중/장년 #휴식/치유 #자연경관 #포토스팟 #언택트 #관광지,0,0,9,0
월라봉(효돈),서귀포시 > 서귀포시내,#자연경관 #언택트,0,0,4,0
월라사,서귀포시 > 서귀포시내,#역사유적,0,0,0,0
월정조용한카페앤펍,제주시 > 구좌,# 카페 # 돌집 # 반려동물 #반려동물동반입장 #혼저옵서개 #반려동물동반_식당카페,0,1,1,0
월정퀵서프,제주시 > 구좌,# 이색체험,0,0,1,0
웨스티하우스,서귀포시 > 안덕,#반려동물보호소 #독채 #바비큐 #가족 #통나무집민박 #정원 #주방기구 #반려동물동반입장 #반려동물 #반려동물동반_숙소,0,0,2,0
위디 탭댄스 스튜디오,서귀포시 > 대정,#원데이클래스 #노래 #스포츠 #운동 #러닝홀리데이인제주,0,0,0,0
유수암캠핑장,제주시 > 애월,#캠핑장 #반려동물동반_숙소 #숙소,0,0,1,0
유캔들잇스튜디오,제주시 > 제주시내,#반려동물동반입장 #혼저옵서개 #반려동물공간_기타,0,0,0,0
육시우영,제주시 > 애월,#제주4.3 #역사유적 #어트랙션,0,2,1,0
율랜드 다이브센터,서귀포시 > 서귀포시내,#체험 #레저/체험 #수상레저 #어트랙션 #관광지,0,1,5,0
이너프,제주시 > 애월,#패션푸르츠에이드 #토마토바질에이드 #한라봉청아이스크림 #우유아이스크림 #반려동물동반_식당카페 #음식 #카페,0,0,2,0
이도씨동물의료센터,서귀포시 > 서귀포시내,#혼저옵서개 #반려동물공간_기타,0,0,0,0
이랜드뮤지엄,제주시 > 한림,#비.눈 #사계절 #실내관광지 #어트랙션 #무장애관광,0,2,27,0
이로이로공방,제주시 > 구좌,#체험관광 #원데이클래스 #프랑스자수 #캘리그라피 #체험 #어트랙션,0,0,13,0
이루다동물병원,제주시 > 제주시내,#혼저옵서개 #반려동물공간_기타,0,0,0,0
이상한 나라의 앨리스,서귀포시 > 안덕,#아이 #비.눈 #사계절 #실내관광지 #어트랙션 #무장애관광,0,4,105,0
이호털보네배낚시,제주시 > 제주시내,#체험 #레저/체험 #어트랙션,0,1,3,0
인더 하우스,제주시 > 애월,#반려동물보호소 #바비큐 #공공와이파이존 #단체여행객 #한옥 #온돌방 #독채 #반려동물동반입장 #반려동물 #반려동물동반_숙소,0,0,0,0
인터포레스트,제주시 > 구좌,# 반려동물 #반려동물동반입장 #혼저옵서개 #반려동물동반_식당카페,0,0,0,0
일레븐프리다이빙 제주센터,서귀포시 > 서귀포시내,# 이색체험,0,0,0,0
일이오구스튜디오,서귀포시 > 성산,# 온돌방 # 반려동물 #반려동물동반입장 #혼저옵서개 #반려동물동반_숙소,0,0,1,0
일출랜드 아트센터,서귀포시 > 성산,#자연경관 #체험 #어트랙션,0,0,5,0
임문숙 가족 헛묘,서귀포시 > 안덕,#제주4.3 #역사유적 #어트랙션,0,1,0,0
입산봉(삿갓오름),제주시 > 구좌,#오름 #자연경관 #도보여행 #도보,0,1,3,0
자리왓,제주시 > 애월,#문화관광 #제주4.3 #역사유적 #어트랙션,0,1,6,0
자연인,제주시 > 제주시내,#캠핑 #바비큐 #공공와이파이존 #매점 #주차장 #언택트,0,0,2,0
장생의 숲길,제주시 > 제주시내,#흐림 #여름 #자연경관 #도보여행 #도보 #숲,0,1,15,0
정모시쉼터,서귀포시 > 서귀포시내,#여름 #물놀이 #용천수 #자연경관 #어트랙션,0,1,18,0
정의향교,서귀포시 > 표선,#노년 #휴식/치유 #휴식/힐링 #경관/포토 #친구 #아이 #부모 #역사유적 #포토스팟 #어린이 #어트랙션,0,0,3,0
정의현 일관헌,서귀포시 > 표선,#문화관광 #역사유적 #무장애관광,0,0,10,0
제라진 어드벤쳐,제주시 > 조천,#드라이브 #액티비티 #오름 #체험 #레저/체험 #어트랙션,0,0,19,0
제라펫,제주시 > 제주시내,#애견미용실,0,0,1,0
제로스테이션(제로포인트트레일),제주시 > 제주시내,#사계절 #체험 #레저/체험 #어트랙션 #관광지,0,0,2,0
제이앤승마클럽,제주시 > 제주시내,# 이색체험,0,0,0,0
제이원카트클럽,제주시 > 제주시내,#체험관광 #액티비티 #스릴 #반려동물동반가능,0,0,0,0
제이펜션,서귀포시 > 안덕,# 반려동물 #반려동물동반입장 #혼저옵서개 #반려동물동반_숙소,0,0,0,0
제이홀스클럽,제주시 > 제주시내,# 이색체험 # 러닝홀리데이인제주,0,0,0,0
제주 더팔팔농장,서귀포시 > 성산,#체험관광 #실내 #부모 #혼자 #체험 #어린이 #어트랙션,0,2,5,0
제주 샘주,제주시 > 애월,# 이색체험,0,1,1,0
제주 이호털보 배낚시,제주시 > 제주시내,#커플 #체험 #레저/체험 #수상레저 #어트랙션,0,2,20,0
제주 카카오캠핑,제주시 > 제주시내,#친구 #여름 #체험 #레저/체험 #캠핑 #언택트 #어트랙션,0,3,0,0
제주 캘리아트,제주시 > 제주시내,# 이색체험,0,0,0,0
제주 토이 승마장,서귀포시 > 안덕,# 승마 # 이색체험,0,0,0,0
제주 패러글라이딩 스쿨,제주시 > 제주시내,#체험 #레저/체험 #수상레저 #어트랙션,0,5,54,0
제주가구공방,제주시 > 제주시내,# 목공체험 # 이색체험,0,1,1,0
제주개생활연구소,제주시 > 한경,#청귤에이드 #디카페인 #반려동물동반_식당카페 #음식 #카페,0,0,6,0
제주교육박물관,제주시 > 제주시내,#사계절 #실내관광지 #문화관광 #박물관 #어트랙션 #무장애관광,0,4,7,0
제주국제공항(정뜨르비행장),제주시 > 제주시내,#제주4.3 #역사유적 #어트랙션,0,1,10,0
제주국제예술센터,서귀포시 > 대정,#흐림 #사계절 #실내관광지 #어트랙션,0,1,0,0
제주국제평화센터,서귀포시 > 중문,#사계절 #실내관광지 #어트랙션 #무장애관광,0,0,7,0
제주글램핑 (무한자미향),제주시 > 구좌,#친구 #커플 #맑음 #체험 #레저/체험 #캠핑 #언택트 #어트랙션,0,0,4,0
제주기독교순례길,제주시 > 한림,#가을 #문화관광 #도보여행 #도보 #어트랙션,0,1,13,0
제주기와,제주시 > 애월,#샌드위치 #감자튀김 #아메리카노 #레몬티 #레몬에이드 #반려동물동반_식당카페 #음식 #카페,0,0,4,0
제주농업학교 옛터,제주시 > 제주시내,#제주4.3 #역사유적 #어트랙션,0,1,0,0
제주다,제주시 > 애월,#어린이 #어트랙션,0,0,2,0
제주다이브 체험다이빙,서귀포시 > 서귀포시내,#액티비티 #다이빙체험 #스쿠버교육 #체험 #레저/체험 #수상레저 #어트랙션 #무장애관광,0,3,17,0
제주댕댕스푼,제주시 > 구좌,#닭고기 #말고기 #돼지고기 #양갱 #반려동물공간_기타 #음식 #반려동물동반_식당카페,0,0,2,0
제주도공방노꼬메,제주시 > 제주시내,#체험 #쇼핑 #상점/상가 #어트랙션,0,0,5,0
제주레이크힐스컨트리클럽,서귀포시 > 중문,#레저/체험 #어트랙션,0,0,1,0
제주만주,제주시 > 애월,# 애월 #반려동물 #반려동물동반입장 #혼저옵서개 #반려동물동반_식당카페,0,0,3,0
제주문예회관,제주시 > 제주시내,#사계절 #문화관광 #어트랙션,0,0,1,0
제주미래교육연구원 과학탐구체험장,제주시 > 제주시내,#어트랙션,0,2,22,0
제주바다하늘패러투어,제주시 > 한림,# 서우봉 # 패러글라이딩 # 이색체험,0,0,0,0
제주베스트힐,제주시 > 조천,#야영장 #오름 #오름투어 #도보 #도보여행,0,1,3,0
제주불교성지 순례길 절로 가는길 - 보시의 길,제주시 > 애월,#문화관광 #도보여행 #도보 #어트랙션,0,1,0,0
제주불교성지 순례길 절로 가는길 - 인욕의 길,제주시 > 제주시내,#도보여행 #도보 #어트랙션,0,1,3,0
제주불교성지 순례길 절로 가는길 - 정진의 길,서귀포시 > 서귀포시내,#도보여행 #도보 #어트랙션,0,0,5,0
제주불교성지 순례길 절로 가는길 - 지계의 길,제주시 > 제주시내,#도보여행 #도보 #어트랙션,0,0,4,0
제주불교성지 순례길 절로가는길 - 선정의 길,서귀포시 > 서귀포시내,#가을 #문화관광 #도보여행 #도보 #어트랙션,0,0,7,0
제주불빛정원 테마파크,제주시 > 애월,#친구 #아이 #맑음 #테마공원 #밤 #체험 #어린이 #어트랙션 #반려동물 #반려동물동반입장 #혼저옵서개 #반려동물동반_관광지,0,7,294,0
제주블루앤씨펜션,서귀포시 > 성산,#반려동물동반입장 #혼저옵서개 #반려동물동반_숙소,0,0,0,0
제주샘주 영농협동조합,제주시 > 애월,#칵테일 만들기 체험 #토속주 #니모메술 #세우리술 #음식 #2023_관광10선_가을,0,0,10,0
제주소리,제주시 > 제주시내,#노동요 #러닝홀리데이인제주,0,0,0,0
제주술익는집,서귀포시 > 표선,# 전통체험 # 전통주 # 러닝홀리데이인제주,0,0,2,0
제주스런서귀포점,서귀포시 > 서귀포시내,# 반려동물 #반려동물동반입장 #혼저옵서개 #반려동물공간_기타,0,0,0,0
제주스럽닭서귀포올레점,서귀포시 > 서귀포시내,#반려동물동반입장 #혼저옵서개 #반려동물동반_식당카페,0,0,0,0
제주시 충혼묘지 4·3추모비(박진경 추도비),제주시 > 제주시내,#제주4.3 #역사유적 #어트랙션,0,0,1,0
제주신화전설탐방로,서귀포시 > 안덕,#친구 #아이 #제주신화 #신화탐방로 #신나락만나락 #자연경관 #체험 #어린이 #어트랙션,0,0,22,0
제주아리랑 NEW 혼,서귀포시 > 표선,#체험 #문화관광 #어트랙션 #무장애관광,0,4,15,0
제주아리온승마장,서귀포시 > 안덕,# 승마 # 포니 # 이색체험,0,0,1,0
제주아트센터,제주시 > 제주시내,#공연 #뮤지컬 #연극 #실내관광지 #문화관광 #어트랙션,0,0,4,0
제주앓이,서귀포시 > 서귀포시내,# 수영장 # 반려동물 # 반려동물동반입장 # 혼저옵서개 # 반려동물동반_숙박,0,0,0,0
제주애견학교,제주시 > 제주시내,#반려동물동반입장 #혼저옵서개 #반려동물공간_기타,0,0,0,0
제주애물들다,제주시 > 한경,#반려동물동반입장 #혼저옵서개 #반려동물동반_숙소,0,0,0,0
제주애빛나다,제주시 > 한경,# 반려동물 #반려동물동반입장 #혼저옵서개 #반려동물동반_숙소,0,0,0,0
제주애설레다,제주시 > 한경,#반려동물동반입장 #혼저옵서개 #반려동물동반_숙소,0,0,0,0
제주야자원,서귀포시 > 표선,#단체여행객 #주차장 #공공와이파이존 #반려동물보호소 #정원 #글램핑 #독채 #펜션 #반려동물동반입장 #반려동물 #반려동물동반_숙소,0,0,0,0
제주양떼목장,제주시 > 애월,#어린이동물농장 #체험 #카페 #관광지,0,0,31,0
제주여가마을,제주시 > 조천,#체험 #어트랙션,0,1,6,0
제주오누이,제주시 > 구좌,#전복돌솥밥 #회덮밥 #모듬물회 #갈치조림 #전복버터구이 #반려동물동반_식당카페 #음식 #식당,0,0,5,0
제주오렌지,서귀포시 > 남원,#체험 #어린이 #어트랙션,0,0,19,0
제주오름승마랜드,제주시 > 조천,#맑음 #오름 #체험 #도보여행 #도보 #레저/체험 #어트랙션,1,1,28,0
제주올레 10-1코스,섬 속의 섬 > 가파도,#혼자 #봄 #자연경관 #도보여행 #도보,0,1,12,0
제주올레 7-1코스,서귀포시 > 서귀포시내,#봄 #자연경관 #도보여행 #도보,0,2,16,0
제주와싱톤,서귀포시 > 성산,#반려동물동반입장 #혼저옵서개 #반려동물동반_숙소,0,0,0,0
제주용암수 홍보관,제주시 > 구좌,#용암해수 #제주용암수 홍보관 #전시관,0,0,0,0
제주웨이브서핑,제주시 > 구좌,# 이색체험,0,0,0,0
제주인디,서귀포시 > 성산,#체험 #어트랙션,0,0,3,0
제주일상식탁,서귀포시 > 남원,#단체체험활동 #쿠킹클래스 #음식 #제철음식,0,0,0,0
제주잠수함(국제리더스클럽),제주시 > 조천,#신흥 #체험 #레저/체험 #어린이 #수상레저 #어트랙션,0,1,37,0
제주중앙성당,제주시 > 제주시내,#사계절 #휴식/치유 #문화관광 #역사유적 #어트랙션 #관광지,0,0,2,0
제주쥬티클럽,서귀포시 > 성산,#해변 #체험 #레저/체험 #수상레저 #어트랙션,0,1,3,0
제주친구,서귀포시 > 서귀포시내,#체험 #어트랙션 #관광지,0,0,0,0
제주카약,제주시 > 조천,#체험 #레저/체험 #수상레저 #어트랙션,0,3,70,0
제주캠핑올레,서귀포시 > 표선,#반려동물보호소 #패키지관광 #캠핑장 #반려동물동반입장 #반려동물 #반려동물동반_숙소,0,0,1,0
제주컨트리클럽,제주시 > 제주시내,#레저/체험 #어트랙션 #무장애관광,0,1,1,0
제주코기네,제주시 > 조천,#공공와이파이존 #반려동물보호소 #독채 #민박 #돌담길 #돌집 #수영장 #반려동물동반입장 #반려동물 #반려동물동반_숙소,0,0,0,0
제주파인비치카라반,서귀포시 > 남원,#캠핑 #바비큐 #공공와이파이존 #온돌방 #언택트,0,0,1,0
제주펫,서귀포시 > 남원,#반려동물동반입장 #반려동물동반_식당카페 #관광지 #무장애관광 #반려동물동반_관광지,0,2,5,0
제주펫스쿨,서귀포시 > 대정,#반려동물동반입장 #혼저옵서개 #반려동물공간_기타,0,0,0,0
제주평화박물관(전쟁평화박물관)[휴관중],제주시 > 한경,#비.눈 #가을 #실내관광지 #문화관광 #박물관 #어트랙션 #무장애관광,0,2,26,0
제주프리다이빙스쿨,서귀포시 > 서귀포시내,# 입문코스. AIDA # 러닝홀리데이인제주,0,0,0,0
제주플래티늄카라반,제주시 > 애월,#맑음 #체험 #레저/체험 #캠핑 #언택트 #어트랙션,0,1,5,0
제주해바라기공방,제주시 > 구좌,# 캔들 # 레진아트 # 이색체험,0,0,0,0
제주해양레저,서귀포시 > 중문,#체험 #레저/체험 #해변 #물놀이 #수상레저 #어트랙션,0,0,11,0
제주해양레저타운,제주시 > 제주시내,# 제트스키 # 제트보트 # 바나나보트 # 디스코팡팡,0,0,0,0
제주해양레저파크,제주시 > 조천,#해상레저 #자연경관 #체험 #레저/체험 #어린이 #테마공원 #어트랙션,0,1,38,0
제주해양사업단,서귀포시 > 대정,#커플 #맑음 #체험 #레저/체험 #해변 #물놀이 #수상레저 #어트랙션,0,2,48,0
제주향토음식보전연구원,제주시 > 제주시내,#지름떡 #고기국수 #러닝홀리데이인제주,0,0,0,0
제주홀스타승마장,제주시 > 제주시내,# 승마 # 이색체험,0,0,0,0
제주힐CC,제주시 > 제주시내,#레저/체험 #어트랙션,0,0,0,0
제주힐링명상센터,제주시 > 애월,#테마공원 #부모 #가족 #반려동물 #반려동물동반입장 #힐링여행 #반려동물동반_관광지 #무장애관광,0,2,18,0
조남매구움과자,제주시 > 구좌,# 반려동물 #반려동물동반입장 #혼저옵서개 #반려동물동반_식당카페,0,0,0,0
조수리 농어촌체험마을,제주시 > 한경,#사계절 #마을산책 #마을관광 #어린이 #어트랙션,0,0,0,0
조안베어뮤지엄,서귀포시 > 서귀포시내,#비.눈 #흐림 #사계절 #실내관광지 #어린이 #어트랙션,0,2,45,0
조은동물병원,서귀포시 > 서귀포시내,#혼저옵서개 #반려동물공간_기타,0,0,0,0
조이다이브,서귀포시 > 서귀포시내,#커플 #맑음 #체험 #레저/체험 #해변 #물놀이 #수상레저 #어트랙션,0,0,25,0
조일구락부 옛터,제주시 > 제주시내,#제주4.3 #역사유적 #어트랙션,0,0,0,0
조천만세동산,제주시 > 조천,#역사유적,0,0,3,0
조천비석거리,제주시 > 조천,#어트랙션,0,0,5,0
조천중학원 옛터,제주시 > 조천,#제주4.3 #역사유적 #어트랙션,0,1,0,0
족은노꼬메오름,제주시 > 애월,#봄 #자연경관 #도보여행 #도보 #반려동물 #반려동물동반입장 #반려동물동반_오름 #반려동물동반_자연 #반려동물동반_관광지,0,0,7,0
족은바리메,제주시 > 애월,#오름 #자연경관,0,0,2,0
족은사슴이오름,서귀포시 > 표선,#친구 #아이 #오름 #자연경관 #도보여행 #도보 #어린이,0,1,3,0
존자암지,서귀포시 > 서귀포시내,#문화관광 #역사유적 #단풍,0,0,13,0
종남마을,제주시 > 조천,#제주4.3 #역사유적 #마을산책 #마을관광 #어트랙션,0,2,2,0
종달고망난돌쉼터,제주시 > 구좌,#친구 #맑음 #흐림 #비.눈 #경관/포토 #휴식/힐링 #드라이브 #봄 #겨울 #가을 #여름 #일출 #일몰 #밤 #올레 #오름 #해변 #4.3 #실내 #사계절 #청년 #중/장년 #노년 #휴식/치유 #자연경관 #제주4.3 #역사유적 #포토스팟 #어트랙션 #관광지,0,4,14,0
주네가네,제주시 > 구좌,#핫도그 #구름라떼 #해안도로 #반려동물동반_식당카페 #음식 #카페,0,0,2,0
주정공장(동척회사) 옛터,제주시 > 제주시내,#제주4.3 #역사유적 #어트랙션,0,0,1,0
중문레져UTV,서귀포시 > 서귀포시내,# 슈퍼버기카 # 이색체험,0,0,0,0
중문리 신사터,서귀포시 > 중문,#제주4.3 #역사유적 #어트랙션,0,1,0,0
중문모메든식당,서귀포시 > 서귀포시내,#김치찌개 #냉면 #반려동물동반_식당카페 #음식 #식당,0,0,1,0
중문미로파크,서귀포시 > 중문,#체험 #어린이 #어트랙션,0,4,95,0
중문색달해변(해산물),서귀포시 > 중문,#친구 #아이 #경관/포토 #휴식/힐링 #사계절 #청년 #중/장년 #휴식/치유 #자연경관 #포토스팟 #어린이,0,2,47,0
중문승마공원,서귀포시 > 서귀포시내,#액티비티 #봄 #가을 #승마 #체험 #레저/체험 #어린이 #어트랙션,0,0,23,0
중문승마체험장,서귀포시 > 서귀포시내,# 이색체험,0,0,0,0
중문카라반,서귀포시 > 서귀포시내,#맑음 #체험 #레저/체험 #캠핑 #언택트 #어트랙션,0,2,8,0
중문컨트리클럽,서귀포시 > 중문,#레저/체험 #어트랙션 #무장애관광,0,0,1,0
지그리오름,제주시 > 조천,#도보여행 #도보,0,0,4,0
진빌레 밭담길,제주시 > 구좌,#맑음 #걷기 #자연경관 #체험 #도보여행 #도보 #어린이,0,1,10,0
질그랭이센터,제주시 > 구좌,#어트랙션,0,2,3,0
짚불도,제주시 > 한경,#반려동물동반입장 #혼저옵서개 #반려동물동반_식당카페,0,0,1,0
찰리아저씨맛집,제주시 > 한경,#비빔국수 #회무침 #고기국수 #냉면 #콩국수 #반려동물동반_식당카페 #음식 #식당,0,0,1,0
참굴비조형물,섬 속의 섬 > 추차도,#커플 #혼자 #휴식 #비/바람/눈 #안개/흐림 #맑음 #봄 #여름 #가을 #겨울 #중/장년 #청년 #노년 #어트랙션,0,1,2,0
창고천생태공원,서귀포시 > 안덕,#봄 #자연경관 #물놀이,0,1,26,0
채우리네펜션,서귀포시 > 서귀포시내,#펜션 #반려동물동반_숙소 #숙소,0,0,0,0
천제연폭포 & 제주4.3중문면희생자위령비,서귀포시 > 중문,#커플 #흐림 #문화관광 #제주4.3 #역사유적 #어트랙션,0,2,12,0
천주교 순례길 - 김기량길,제주시 > 조천,#가을 #문화관광 #도보여행 #도보 #어트랙션,0,0,5,0
천주교 순례길 - 김대건길,제주시 > 제주시내,#가을 #문화관광 #도보여행 #도보 #어트랙션,0,1,12,0
천주교 순례길 - 신축화해길,제주시 > 제주시내,#문화관광 #도보여행 #도보 #어트랙션,0,0,9,0
천주교 순례길 - 하논성당길,서귀포시 > 서귀포시내,#문화관광 #도보여행 #도보 #어트랙션,0,0,9,0
천주교길 정난주길(고통의길),서귀포시 > 대정,#가을 #문화관광 #도보여행 #도보 #어트랙션,0,2,1,0
청수성결교회,제주시 > 한경,#문화관광 #어트랙션,0,0,3,0
청춘부부,서귀포시 > 대정,#치즈케이크 #포토존 #로스팅 #음식 #카페 #에스프레소 #아메리카노 #카페라떼 #카푸치노 #카페모카 #바닐라빈라떼 #핸드드립커피 #크림라떼 #아이스크림 #차 #레몬티 #홍차 #초코라떼 #딸기라떼 #에그타르트 #케이크 #쿠키 #빵 #크림빵 #반려동물 #반려동물동반입장 #반려동물동반_식당카페,0,0,4,0
최영장군사당,섬 속의 섬 > 추차도,#자연경관 #문화관광 #역사유적 #어트랙션,0,0,4,0
추사 유배길 - 1코스 집념의 길,서귀포시 > 대정,#가을 #문화관광 #도보여행 #도보 #어트랙션,0,2,7,0
추자도등대,섬 속의 섬 > 추차도,#포토스팟 #어트랙션,0,2,5,0
춘식이와옥희,서귀포시 > 남원,#제주도소품샵 #애견용품 #기념품 #키덜트 #핸드메이드 #반려동물공간_기타 #반려동물동반입장,0,0,1,0
취다선리조트,서귀포시 > 성산,#요가 #차 #커플 #숙소 #리조트 #어트랙션 #럭셔리트래블인제주,0,1,2,0
친봉산장,서귀포시 > 서귀포시내,# 구운우유 # 구운치즈 # 칠리핫도그 # 반려동물 #반려동물동반입장 #혼저옵서개 #반려동물동반_식당카페,0,0,0,0
칠머리길,제주시 > 제주시내,#체험 #도보여행 #도보 #어트랙션,0,0,0,0
카카오패밀리 로이인더정글카밀라스,제주시 > 구좌,# 카카오테이스팅 # 이색체험,0,0,0,0
카페 글렌코,제주시 > 구좌,"#음식 #카페 #""반려동물 #반려동물동반입장 #아메리카노 #에스프레소 #카페라떼 #카페모카 #바닐라라떼 #카라멜라떼 #그린티라떼 #라떼 #말차라떼 초코라떼 #생강라떼 #청귤차 #차 #에이드 #생강차 #케이크 #초코케이크 #미숫가루 #토마토주스 #키위주스 #딸기주스 #주스 #허브티 #레몬에이드 #반려동물 #반려동물동반_식당카페",0,0,5,0
카페 라라라,제주시 > 구좌,#세화해변 #세화카페 #음식 #케이크 #에스프레소 #아메리카노 #카페라떼 #카푸치노 #카라멜라떼 #그린티라떼 #라떼 #아이스초코 #핫초코 #에이드 #얼그레이 #다즐링 #자스민티 #캐모마일 #페퍼민트 #차 #반려동물 #반려동물동반입장 #혼저옵서개 #반려동물동반_식당카페,0,0,2,0
카페느슨,서귀포시 > 서귀포시내,# 솔트카라멜라떼 # 골드라떼 # 소금빵 #반려동물 #반려동물동반입장 #혼저옵서개 #반려동물동반_식당카페,0,0,0,0
카페달보름,제주시 > 구좌,#반려동물동반입장 #혼저옵서개 #반려동물동반_식당카페,0,0,1,0
카페델보스케,서귀포시 > 서귀포시내,#한라봉 #청귤 #벨기에초콜릿 #델모카 #크로플 #눈꽃빙수 #반려동물동반_식당카페 #음식 #카페,0,0,3,0
카페록록,제주시 > 구좌,#디저트 #음식 #카페 #에스프레소 #아메리카노 #카페라떼 #카푸치노 #크림라떼 #코코넛라떼 #라떼 #홍차 #밀크티 #청귤차 #차 #아이스초코 #핫초코 #스무디 #반려동물 #반려동물동반입장 #반려동물동반_식당카페,0,0,4,0
카페말로,제주시 > 조천,# 말 # 알파카 # 라마 #반려동물 #반려동물동반입장 #혼저옵서개 #반려동물동반_식당카페,0,0,0,0
카페물결,제주시 > 제주시내,#휴식/치유 #전시와 행사 #카페 #음식 #포토스팟 #아메리카노 #레몬에이드 #식당 #에스프레소 #카페라떼 #주스 #과일주스 #라떼 #에이드 #자몽에이드 #초코라떼 #생강라떼 #꽃차,0,1,6,0
카페사분의이,제주시 > 한경,#반려동물동반입장 #혼저옵서개 #반려동물동반_식당카페,0,0,1,0
카페씨닉,제주시 > 구좌,# 브라운토스트 # 너트라떼 # 반려동물 #반려동물동반입장 #혼저옵서개 #반려동물동반_식당카페,0,0,1,0
카페오늘의바다,서귀포시 > 서귀포시내,#반려동물동반_식당카페,0,0,0,0
카페유주,제주시 > 한림,#노키즈존 #치즈케이크 #까눌레 #음식 #카페 #홍차 #아메리카노 #카페라떼 #바닐라라떼 #진저라떼 #라떼 #에이드 #차 #반려동물 #반려동물동반입장 #반려동물동반_식당카페,0,0,3,0
카페텐저린,서귀포시 > 서귀포시내,#카페 #에스프레소 #아메리카노 #카페라떼 #카푸치노 #바닐라라떼 #라떼 #아포가토 #아인슈페너 #크림라떼 #차 #얼그레이 #페퍼민트 #캐모마일 #자몽티 #모히또 #말차라떼 #핫초코 #아이스크림 #에이드 #자몽에이드 #딸기라떼 #샌드위치 #크로아상 #프렌치토스트 #케이크 #반려동물 #반려동물동반입장 #반려동물동반_식당카페,0,0,0,0
카페퍼시몬,제주시 > 애월,#음식 #카페 #아메리카노,0,0,8,0
캐니언파크,제주시 > 제주시내,#실내관광지 #체험 #어린이 #테마공원 #어트랙션 #관광지,0,3,43,0
캐릭파크,제주시 > 조천,#비.눈 #흐림 #사계절 #실내관광지 #어린이 #어트랙션,0,4,44,0
캔디원,제주시 > 조천,#실내관광지 #어린이 #어트랙션,0,1,49,0
캘리그라피 오월,제주시 > 제주시내,#체험 #어트랙션,0,0,2,0
캠파제주,서귀포시 > 서귀포시내,#캠핑장 #카라 #반려동물동반_숙소 #숙소,0,0,3,0
캣츠앤독스,서귀포시 > 서귀포시내,#반려동물동반입장 #혼저옵서개 #반려동물공간_기타,0,0,0,0
커브커피스토어,제주시 > 제주시내,#핸드드립커피 #반려동물동반_식당카페 #음식 #카페,0,0,1,0
케이제주해양사업단,서귀포시 > 대정,#체험 #레저/체험 #수상레저 #어트랙션 #관광지,0,1,8,0
코기절미,제주시 > 제주시내,#멍아이스 #멍화채 #반려동물동반_식당카페 #애견유치원 #애견호텔 #반려동물동반_관광지,0,0,1,0
코코메아,제주시 > 한경,#미트파이 #소시지 #뉴질랜드식파이 #반려동물동반_식당카페 #음식 #식당,0,0,4,0
쿠킹독,제주시 > 제주시내,#혼저옵서개 #반려동물공간_기타,0,0,0,0
크리스마스리조트,제주시 > 구좌,# 바비큐장 # 자쿠지 # 반려동물 #반려동물동반입장 #혼저옵서개 #반려동물동반_숙소,0,0,0,0
키아나 요가,서귀포시 > 안덕,#힐링 #수련 #명상 # 러닝홀리데이인제주,0,0,0,0
킴스캐빈,서귀포시 > 성산,#반려동물보호소 #공공와이파이존 #교통 #민박 #온돌방 #반려동물동반입장 #반려동물 #반려동물동반_숙소,0,1,4,0
타오하우스,제주시 > 제주시내,# 핸드드립 # 이색체험,0,0,0,0
탐라갈치,서귀포시 > 서귀포시내,#갈치회 #갈치구이 #반려동물동반_식당카페 #음식 #식당,0,0,5,0
탐라승마장,제주시 > 조천,# 이색체험,0,0,0,0
테우마을 수원리 농어촌체험마을,제주시 > 한림,#사계절 #체험 #마을산책 #마을관광 #어린이 #어트랙션,0,0,31,0
테이블앤데스크,서귀포시 > 남원,#쇠고기카레 #오플렛카레 #가지튀김 #반려동물동반_식당카페 #음식 #식당,0,0,6,0
텐타임즈,서귀포시 > 서귀포시내,# 러닝홀리데이인제주,0,0,0,0
토산봉(망오름),서귀포시 > 표선,#오름 #자연경관 #도보여행 #도보,0,0,2,0
토이레저,서귀포시 > 안덕,# ATV # 전동바이크 # 깡통열차 # 사격,0,0,1,0
토이파크,서귀포시 > 안덕,#비.눈 #사계절 #실내관광지 #어린이 #어트랙션 #안전여행스탬프 #무장애관광,0,2,61,0
토종닭유통특구교래삼다수마을,제주시 > 조천,#어트랙션,0,0,3,0
튼튼동물병원,제주시 > 제주시내,#혼저옵서개 #반려동물공간_기타,0,0,0,0
팀케이,제주시 > 제주시내,#체험 #레저/체험 #어트랙션,0,1,9,0
파군봉(바굼지오름),제주시 > 애월,#도보여행 #도보,0,0,1,0
파더스가든,서귀포시 > 안덕,#반려동물동반_관광지,0,0,9,0
파인더웨이브,제주시 > 애월,# 윈드서핑 # 이색체험,0,0,0,0
파파빌레,제주시 > 조천,#치유 #현무암 #부모 #자연경관 #체험 #어트랙션 #안전여행스탬프,0,4,48,0
퍼피홀릭,제주시 > 제주시내,#혼저옵서개 #반려동물공간_기타,0,0,0,0
펫마마스푸드,서귀포시 > 대정,#토마토미트볼 #돼지안심카레 #화식 #양사골 #우유껌 #말고기육포 #꿀꿀칩 #반려동물공간_기타 #쇼핑,0,0,1,0
펫소풍,서귀포시 > 안덕,#반려동물동반입장 #혼저옵서개 #반려동물공간_기타,0,0,0,0
펫플러스,제주시 > 제주시내,#혼저옵서개 #반려동물공간_기타,0,0,0,0
편백포레스트,서귀포시 > 남원,# 목장 # 농장,0,0,2,0
평대리멍석,제주시 > 구좌,#해물전골 #해물볶음 #반려동물동반_식당카페 #음식 #식당,0,0,3,0
평대우유차,제주시 > 조천,#유당불내증 #코코넛우유 #반려동물동반_식당카페 #음식 #카페,0,0,2,0
평대해변,제주시 > 구좌,#커플 #여름 #자연경관 #포토스팟,0,0,15,0
평수포구,제주시 > 한림,#역사유적,0,0,2,0
포레스트 사파리,제주시 > 조천,#체험 #어린이 #어트랙션 #어린이동물농장,0,0,34,0
포브독,제주시 > 제주시내,#애견유치원,0,0,0,0
포토갤러리 자연사랑미술관,서귀포시 > 표선,#문화관광 #미술관 #실내관광지 #어트랙션,0,1,7,0
폴개협동조합,서귀포시 > 남원,#치유 #체험 #가족 #쇼핑 #관광기념품 #상점/상가,0,3,5,0
푸르곤,제주시 > 애월,#베이컨부리또 #칠리새우오픈토스트 #아메리카노 #한라봉착츱주스 #백형과에이드 #반려동물동반_식당카페 #음식 #식당,0,0,7,0
푸른콩 방주영농조합법인,서귀포시 > 중문,#체험 #어트랙션,0,0,4,0
풋감마을 소길리 농어촌체험마을,제주시 > 애월,#흐림 #사계절 #체험 #도보여행 #도보 #마을산책 #마을관광 #어트랙션,0,0,2,0
퓸퓸몽,제주시 > 제주시내,# 반려동물 #반려동물동반입장 #혼저옵서개 #반려동물공간_기타,0,0,0,0
플라이오조,서귀포시 > 성산,#팥빙수 #토스트 #반려동물동반_식당카페 #음식 #카페,0,1,3,0
플레이스엉물,제주시 > 구좌,#구좌당근스프 #반려동물동반_식당카페 #음식 #식당,0,0,5,0
플레이커피랩,서귀포시 > 서귀포시내,# 딸기주물럭 # 반려동물 #반려동물동반입장 #혼저옵서개 #반려동물동반_식당카페,0,0,0,0
필코 스튜디오,제주시 > 한경,# 글쓰기 # 창의력 # 키즈프로그램 # 어린이 # 영어프로그램,0,0,0,0
하늘오름펜션,제주시 > 구좌,#반려동물동반_숙소,0,0,0,0
하도 어촌 체험 마을,제주시 > 구좌,#물질체험 #바다,0,0,0,0
하례감귤점빵협동조합,서귀포시 > 남원,#떡 #전통 #전통음료 #쉰다리,0,0,0,0
하례점빵,서귀포시 > 남원,# 이색체험 # 러닝홀리데이인제주,0,1,0,0
하이제주호텔,제주시 > 한림,#호텔 #안전여행스탬프 #반려동물 #반려동물동반입장 #혼저옵서개 #반려동물동반_숙소,0,0,0,0
하효살롱 협동조합,서귀포시 > 서귀포시내,# 감귤타르트 # 이색체험,0,0,0,0
한남의숙터,서귀포시 > 대정,#어트랙션,0,0,3,0
한동환해장성,제주시 > 구좌,#역사유적 #포토스팟,0,0,3,0
한라동물종합병원,제주시 > 제주시내,#혼저옵서개 #반려동물공간_기타,0,0,0,0
한라마테우리,제주시 > 제주시내,#반려동물공간_기타 #음식 #식당 #반려동물동반_식당카페,0,0,1,0
한라산 아래 첫 마을,서귀포시 > 안덕,#체험관광 #6차산업 #체험 #마을산책 #마을관광 #포토스팟 #어린이 #한라산 #언택트 #어트랙션,0,1,13,0
한라산소갈비찜,제주시 > 애월,# 오션뷰식당 # 어린이메뉴 # 반려동물 #반려동물동반입장 #혼저옵서개 #반려동물동반_식당카페,0,0,0,0
한라산소주공장,제주시 > 한림,#사게절 #실내 #실내관광지 #체험 #레저/체험 #언택트 #어트랙션 #럭셔리트래블인제주 #2023_관광10선_가을,0,3,70,0
한라승마장,서귀포시 > 안덕,#커플 #가을 #체험 #레저/체험 #어트랙션,0,1,11,0
한라의향기,서귀포시 > 안덕,#자연경관 #어트랙션,0,0,5,0
한림동물병원,제주시 > 한림,#혼저옵서개 #반려동물공간_기타,0,0,0,0
한림바다체험마을,제주시 > 한림,#액티비티 #여름 #청년 #중/장년 #체험 #마을산책 #마을관광 #레저/체험 #어린이 #어트랙션,0,2,42,0
한모살 (표선백사장),서귀포시 > 표선,#제주4.3 #역사유적 #어트랙션,0,1,2,0
한형수정원,제주시 > 한림,#포토스팟 #자연경관,0,0,2,0
한화리조트 테라피센터,제주시 > 제주시내,#리조트 #어트랙션,0,1,6,0
함덕야영장,제주시 > 조천,#커플 #맑음 #자연경관 #체험 #레저/체험 #캠핑 #언택트 #어트랙션,0,0,6,0
해녀의 부엌 북촌점,제주시 > 조천,#빙떡 #소라 #뿔소라 #돔베고기 #생선구이 #음식,0,0,2,0
해맑은동물병원,제주시 > 제주시내,#혼저옵서개 #반려동물공간_기타,0,0,0,0
해비치컨트리클럽제주,서귀포시 > 남원,#체험 #레저/체험 #어트랙션,0,0,1,0
해빛,제주시 > 조천,#힐링 #관광지 #유리공방 # 이색체험 # 러닝홀리데이인제주,0,2,1,0
해품은체험농장,서귀포시 > 성산,#체험관광 #맑음 #체험 #어린이 #어트랙션,0,2,44,0
해피맘하우스,제주시 > 애월,#실내관광지 #어트랙션 #무장애관광,0,1,8,0
해피애견놀이방,제주시 > 제주시내,#혼저옵서개 #반려동물공간_기타,0,0,0,0
핸즈웍스,제주시 > 한림,#체험 #어트랙션,0,0,19,0
허브동산 미디어 파사드 (media facade),서귀포시 > 표선,#여름 #실내관광지 #어트랙션 #야간관광,5,1,75,0
현사포구,제주시 > 제주시내,#밤 #올레 #자전거 #낚시 #자연경관,0,1,3,0
현의합장묘역,서귀포시 > 남원,#제주4.3 #역사유적 #어트랙션,0,0,0,0
협자연대,서귀포시 > 성산,#어트랙션,0,0,9,0
협재이길,제주시 > 한림,# 크로플샌드 # 이길피자 # 퍼스트모닝 # 반려동물 #반려동물동반입장 #혼저옵서개 #반려동물동반_식당카페,0,0,2,0
협재해물라면오빠네,제주시 > 한림,#전복보말칼국수 #전복치즈밥 #흑돼지 #반려동물동반_식당카페 #음식 #식당,0,0,8,0
형제해안로전망대,서귀포시 > 안덕,#친구 #아이 #맑음 #경관/포토 #휴식/힐링 #올레 #해변 #드라이브 #포토스팟 #어린이 #어트랙션,0,1,31,0
호루의한끼,서귀포시 > 서귀포시내,# 깍두기차돌덮밥 # 반려동물 #반려동물동반입장 #혼저옵서개 #반려동물동반_식당카페,0,0,0,0
홀리데이 다이빙 코리아,서귀포시 > 서귀포시내,# 이색체험,0,0,0,0
환상숲곶자왈 담앙족욕,제주시 > 한경,#곶자왈 #숲 #마을관광 #웰니스 #체험 #어트랙션 #식물군락지,0,1,43,0
황금굴(한림공원),제주시 > 한림,#아이 #친구 #동굴 #자연경관 #포토스팟 #어린이 #무장애관광,0,0,68,0
황금빅버거,서귀포시 > 남원,# 감자튀김 # 샐러드 # 반려동물 #반려동물동반입장 #혼저옵서개 #반려동물동반_식당카페,0,0,0,0
황우럭만화천국사회적협동조합,제주시 > 한림,#어린이 #어트랙션,0,0,0,0
효명사,서귀포시 > 남원,#사찰 #포토스팟 #어트랙션,0,2,14,0
후포해변,제주시 > 제주시내,#포토스팟,0,1,5,0
휘닉스 르쏠레이테라피,서귀포시 > 성산,#어트랙션,0,7,6,0
휴림,제주시 > 애월,#커플 #액티비티 #야영장 #캠핑장 #체험 #레저/체험 #어린이 #캠핑 #언택트 #어트랙션,0,0,10,0
